GPA 0,2010  2014,,,University of Rochester,Software Engineering Intern,UBS,Jun 2013  Aug 2013,3 mos,Data Structures Workshop Leader,University of Rochester,Sep 2013  May 2014,9 mos,Software Engineer,UBS,Aug 2014  Present,3 yrs 4 mos
3.7 GPA,2015  2017,Bachelor of Science - BS,,University of Rochester,Summer Intern,Hecticus Software Inc,Jul 2015  Aug 2015,2 mos,Android Developer,University of Rochester Medical Center,Feb 2017  May 2017,4 mos,Software Engineer,Bloomberg LP,Jul 2017  Present,5 mos
GPA 0,2011  2015,Bachelor of Science (B.S.),,University of Rochester,Teaching Intern,University of Rochester,Sep 2014  May 2015,9 mos,Instructor,STEP IT Academy,Sep 2015  Jan 2016,5 mos,Software Engineer,IBM,Feb 2016  Present,1 yr 10 mos
GPA 3.9,2013  2015,Master of Science (MS),,New York University,R&D Software Developer,Bloomberg LP,Jun 2015  Sep 2015,4 mos,Software Engineer,Bloomberg LP,Sep 2015  Present,2 yrs 3 mos,Entrepreneur,L&W Enterprise,Feb 2015  Present,2 yrs 10 mos
GPA 0,2011  2015,Bachelor of Science,,University of Rochester,Vice President of Academic Living Center Operations,Sigma Phi Epsilon,Jan 2014  Dec 2014,12 mos,Ruby Developer,University of Rochester Medical Center,Aug 2014  May 2015,10 mos,Software Engineer,IBM,Jun 2015  Present,2 yrs 6 mos
Software Engineer,Zimmer Biomet,,
GPA 0,2012  2016,Bachelor's Degree,,University of Rochester,Associate Software Engineer,|Pivotal, Inc.|,Sep 2016  Present,1 yr 3 mos
GPA 0,2010  2014,Bachelor of Science,,University of Rochester,Software Engineering Intern,Google,May 2012  Aug 2012,4 mos,Software Engineering Intern,Google,May 2013  Aug 2013,4 mos,Software Engineer,Google,Jul 2014  Present,3 yrs 5 mos
GPA 0,2014  2018,Bachelor of Science (B.S.),,University of Rochester,Software Engineering Intern,Soleo,May 2016  Dec 2016,8 mos,Software Engineering Intern,FactSet,May 2017  Aug 2017,4 mos,Software Engineer,ActionIQ,Nov 2017  Present,1 mo
GPA 0,2012  2016,Bachelor of Science (B.S.),,University of Rochester,Software Engineering Internship,HBO,Jun 2015  Aug 2015,3 mos,Web Developer for the Political Science Department,University of Rochester,Feb 2014  May 2016,2 yrs 4 mos,Software Engineer,HBO,Jun 2016  Present,1 yr 6 mos
GPA 0,2015,Bachelor's Degree,,Stony Brook University,Software Engineer,Scholastic,Jun 2015  Present,2 yrs 6 mos
GPA 0,2012  2016,Bachelor of Arts (B.A.),,University of Rochester,Bag Room Attendant,Monroe Golf Club,Aug 2010  Aug 2013,3 yrs 1 mo,Brokerage Intern,|Rochester Wealth Management Group, LLC|,May 2013  Aug 2013,4 mos,Financial Software Engineer,Rebar Systems,Jul 2016  Present,1 yr 5 mos
GPA 0,2014  2016,Bachelor of Science (B.S.),,University of Rochester,Intern,|Russian Media Group, LLC & Shalom TV|,May 2013  Aug 2013,4 mos,General Programming Intern,What If Media Group,May 2015  Aug 2015,4 mos,Security Software Engineer Intern,Apple,May 2016  Present,1 yr 7 mos
GPA 0,2017  2017,Master of Engineering - MEng,,Cornell University,Mobile Application Developer,RosieApp,Jun 2015  May 2016,1 yr,Software Engineer Intern,Facebook,May 2016  Aug 2016,4 mos,Software Engineer,Facebook,Aug 2017  Present,4 mos
GPA 0,2010  2014,Bachelor of Science (BS),,University of Rochester,Student Researcher in Numerical Astrophysics,University of Rochester Department of Physics and Astronomy,Jan 2012  May 2014,2 yrs 5 mos,|Financial Software Developer, Cross Asset Derivatives|,Bloomberg LP,Jul 2014  Aug 2016,2 yrs 2 mos,Software Engineer,Google,Aug 2016  Present,1 yr 4 mos
3.6 (with Honors),2005  2009,Bachelor's degree,,|University of California, Santa Barbara|,Software Engineer,The Difference Engine,May 2017  Oct 2017,6 mos,English Teacher,VIPKID,Jun 2016  Present,1 yr 6 mos,Freelance Software Engineer,|Freelance, self-employed|,Aug 2017  Present,4 mos
GPA 0,,Bachelor of Science - BS,,City University of New York,Software Engineer,IIIYI,,
GPA 0,2012  2017,Bachelor of Science - International Undergraduate Honors Program,,Tecnolgico de Monterrey,Web Development Intern,Engrana,Jun 2015  Aug 2015,3 mos,Software Engineering Intern,CompareGlobalGroup,Apr 2016  Jul 2016,4 mos,Software Engineer,Google,Jul 2017  Present,5 mos
GPA 0,2012  2016,Bachelor of Arts (B.A.),,Amherst College,Diversity Intern,Amherst College Office of Admission,2013  2016,3 yrs,Teaching Assistant,Amherst College Department of Computer Science,2015  2016,1 yr,Software Engineer,Google,Sep 2016  Present,1 yr 3 mos
GPA 0,2013  2017,Bachelor of Science (B.S.),,New York University,Software Developer Intern,AIG,Jun 2016  Aug 2016,3 mos,iOS Engineer Intern,|NBCUniversal Media, LLC|,Sep 2016  Dec 2016,4 mos,Software Engineer,Qualtrics,Jul 2017  Present,5 mos
GPA 0,2012  2016,Bachelor of Arts (BA),,Brown University,Software Engineering Intern,Square,Jun 2014  Aug 2014,3 mos,Software Engineering Intern,Udacity,Jun 2015  Aug 2015,3 mos,Software Engineer,Google,Sep 2016  Present,1 yr 3 mos
GPA 0,2012,Bachelors Degree,,The Open University of Israel,Coding Bootcamp Mentor,Israel Tech Challenge,Nov 2015  Apr 2016,6 mos,Lead Software Engineer,EZ Lane,Aug 2014  Aug 2016,2 yrs 1 mo,Software Development Engineer,|The Trade Desk, Inc.|,Sep 2016  Present,1 yr 3 mos
GPA 0,2015  2017,Master of Science (M.S.),,New York University,Software Engineer Intern,Intel Corporation,Mar 2015  Jul 2015,5 mos,Software Engineer Intern,Google,May 2016  Aug 2016,4 mos,Software Engineer,Google,Jul 2017  Present,5 mos
GPA 0,2013  2016,Bachelor of Science (BS),,Columbia Engineering,Software Engineering Intern,The MathWorks,May 2015  Aug 2015,4 mos,Software Engineering Intern,AppNexus,May 2016  Aug 2016,4 mos,Software Engineer,AppNexus,Feb 2017  Present,10 mos
GPA 0,2012  2016,Bachelor of Science (B.S.),,Columbia University in the City of New York,Web Developer Intern,InquisitHealth,Aug 2013  Jan 2014,6 mos,Software Engineer,Vigme,2014  2015,1 yr,Software Engineer,Fundera,Jun 2015  Present,2 yrs 6 mos
GPA 0,2013  2017,Bachelor's Degree,,Cornell University,Software Development Engineer Intern,Amazon,Jun 2016  Aug 2016,3 mos,Teaching Assistant,Cornell University,Aug 2015  May 2017,1 yr 10 mos,Software Engineer,Google,Aug 2017  Present,4 mos
3.7,2006  2010,Bachelor of Arts,,University of Chicago,Fellow,Math for America,May 2010  Sep 2015,5 yrs 5 mos,Junior Software Engineer,Recombine,Feb 2016  May 2016,4 mos,Software Engineer,Phosphorus,May 2016  Present,1 yr 7 mos
GPA 0,2012,Bachelor of Science (B.S.),,State University of New York College at Oneonta,Software Engineer,|1-800-FLOWERS.COM, INC.|,Jan 2015  Jun 2016,1 yr 6 mos,Software Engineer,Zipdrug,Jun 2016  Apr 2017,11 mos,Software Engineer,|LifeCo, Inc.|,Apr 2017  Present,8 mos
magna cum laude,2013  2017,Bachelors Degree,,Wellesley College,Software Engineering Intern,Zappos Family of Companies,Jun 2016  Aug 2016,3 mos,Supplemental Instruction Leader,Wellesley College,Jan 2015  May 2017,2 yrs 5 mos,Software Engineer,Google,Jul 2017  Present,5 mos
GPA 0,2010  2014,,,University of Miami,Software Engineer Intern (Windows),Microsoft,May 2013  Aug 2013,4 mos,Software Engineer Intern (Windows),Microsoft,May 2014  Aug 2014,4 mos,Software Engineer,Microsoft,May 2015  Present,2 yrs 7 mos
Senior,2013  2017,Bachelor of Science (B.S.),,Northwestern University,Director of the Midwest,TAMID Group,Aug 2015  Oct 2016,1 yr 3 mos,Chapter President,TAMID Group,Jan 2016  Jan 2017,1 yr 1 mo,Software Engineer,Google,Sep 2017  Present,3 mos
GPA 0,2008  2012,Bachelor of Science (BS),,Massachusetts Institute of Technology,Partner,Caffeinated Analytics,Jan 2015  Jun 2016,1 yr 6 mos,|Software Engineer, Infrastructure|,Uber,Jun 2016  Jun 2017,1 yr 1 mo,|Software Engineer, Search|,Google,Jul 2017  Present,5 mos
GPA 0,2016  2017,,,University of Rochester,Recurser / Programmer,Recurse Center,May 2015  Aug 2015,4 mos,Software Engineering Intern,Etsy,Jun 2016  Aug 2016,3 mos,Software Development Engineer,Microsoft,Sep 2017  Present,3 mos
GPA 0,2014  2017,Bachelor's of Science,,Stony Brook University,Software Engineer Intern,The Research Foundation for SUNY,Nov 2014  May 2016,1 yr 7 mos,Software Engineer Intern,J.P. Morgan,Jun 2016  Aug 2016,3 mos,Software Engineer,J.P. Morgan,Jun 2017  Present,6 mos
GPA 0,2005  2007,Bachelor's degree,,University of Virginia,Fellow,Fog Creek Software,Apr 2015  May 2015,2 mos,Software Engineer,BounceX,May 2015  Jun 2017,2 yrs 2 mos,|Software Engineer, Emerging Platforms|,Group Nine Media,Sep 2017  Present,3 mos
GPA 0,2012  2016,Bachelor of Arts (BA),,Pomona College,Computer Science Teaching Assistance,Pomona College,Sep 2013  Dec 2014,1 yr 4 mos,Software Engineer Intern,Google,May 2015  Aug 2015,4 mos,Software Engineer,Google,Sep 2016  Present,1 yr 3 mos
GPA 0,2004  2009,B.S.,,State University of New York College at Buffalo,Software Engineer,|Greenhouse Software, Inc.|,Mar 2016  Oct 2016,8 mos,Senior Software Engineer,Dia.co,Jan 2017  Mar 2017,3 mos,Senior Software Engineer,ShopKeep,May 2017  Present,7 mos
GPA 0,2015  2017,Master's degree,,Stony Brook University,Software Engineer,Unbxd Inc,Feb 2014  May 2015,1 yr 4 mos,Software Engineering Intern,Eyeview,Jun 2016  Aug 2016,3 mos,Software Engineer,Eyeview,Feb 2017  Present,10 mos
3.6/4.0,2003  2007,BA,,Yale University,|Manager, Media Solutions|,Facebook,Jan 2012  May 2014,2 yrs 5 mos,Software Engineer,CB Insights,Jan 2015  Feb 2017,2 yrs 2 mos,Partner,Mango Tech Creative,May 2017  Present,7 mos
GPA 0,2010  2014,Bachelor of Science (BS),,University of Rochester,Web Developer - Part Time,Relevant Mobile,Jul 2014  Nov 2014,5 mos,Software Engineer,SinglePlatform,Oct 2014  Sep 2016,2 yrs,Software Engineer,Axial,Sep 2016  Present,1 yr 3 mos
GPA 0,2017  2017,,,MITx on edX,Reliability Engineering Intern,AppNexus,Jun 2015  Aug 2015,3 mos,Reliability Software Engineer,AppNexus,Sep 2015  Nov 2016,1 yr 3 mos,DevOps Engineer,dailymotion,May 2017  Present,7 mos
GPA 0,2010  2014,Bachelor's degree,,Stony Brook University,Technical Services Analyst,Epic,Aug 2014  May 2015,10 mos,Test Automation Engineer,|Greenhouse Software, Inc.|,Jan 2016  Jan 2017,1 yr 1 mo,Software Engineer II,Greenhouse Software,Jan 2017  Present,11 mos
GPA 0,2012  2016,Bachelor of Science and Engineering,,Princeton University,Software Engineering Intern,AppNexus,Jun 2015  Aug 2015,3 mos,Lab TA (Teaching Assistant),Princeton University,Sep 2014  Jun 2016,1 yr 10 mos,Software Engineer,AppNexus,Jul 2016  Present,1 yr 5 mos
GPA 0,2012  2016,BS,,University of Rochester,Software Developer Internship,EarthLink Business,May 2014  Aug 2014,4 mos,Software Engineer,SmartFinance LLC,Jun 2015  Oct 2016,1 yr 5 mos,Software Engineer,TD,Nov 2016  Present,1 yr 1 mo
GPA 0,2013  2017,Bachelors Degree,,Vanderbilt University,Software Engineer Intern,Microsoft,May 2015  Aug 2015,4 mos,Software Engineer Intern,Microsoft,May 2016  Aug 2016,4 mos,Software Engineer,Facebook,Aug 2017  Present,4 mos
GPA 0,2017  2017,,,Product School,Intern,Viacom,Oct 2015  Dec 2015,3 mos,Summer Associate - Software Engineer,Viacom,May 2016  Aug 2016,4 mos,Software Engineer,Viacom,Aug 2016  Present,1 yr 4 mos
GPA 0,2014  2014,,,Fullstack Academy of Code,Photographer,Adam Barcan Photography,2014  2015,1 yr,Test Automation Engineer,|Greenhouse Software, Inc.|,Dec 2014  Dec 2015,1 yr 1 mo,|Software Engineer, Product|,|Greenhouse Software, Inc.|,Dec 2015  Present,2 yrs
GPA 0,2002  2006,Bachelor's degree,,Universit du Qubec  Montral,Fullstack developer,FUIR LLC,2014  2015,1 yr,Freelance Web Developer,Qu,2015  2015,less than a year,Software Engineer,|Greenhouse Software, Inc.|,Apr 2015  Present,2 yrs 8 mos
|3.8 Computer Science/Math, 3.56 overall|,2012  2016,Bachelors Degree,,New York University,Freelance Software Engineer,United Restaurants,Mar 2017  Jul 2017,5 mos,Lead Software Engineer,Scoutsee,Sep 2016  Oct 2017,1 yr 2 mos,Software Engineer,Facebook,Oct 2017  Present,2 mos
GPA 0,2011  2015,Bachelor of Arts (B.A.),,New York University,Software Engineer,Shoptiques.com,Oct 2014  Mar 2015,6 mos,Software Engineer,Boxed,Aug 2015  Sep 2017,2 yrs 2 mos,Software Engineer,Zocdoc,Sep 2017  Present,3 mos
GPA 0,2010  2014,,,University of Rochester,Software Engineering Intern,UBS,Jun 2013  Aug 2013,3 mos,Data Structures Workshop Leader,University of Rochester,Sep 2013  May 2014,9 mos,Software Engineer,UBS,Aug 2014  Present,3 yrs 5 mos
3.7 GPA,2015  2017,Bachelor of Science - BS,,University of Rochester,Summer Intern,Hecticus Software Inc,Jul 2015  Aug 2015,2 mos,Android Developer,University of Rochester Medical Center,Feb 2017  May 2017,4 mos,Software Engineer,Bloomberg LP,Jul 2017  Present,6 mos
GPA 0,2014  2015,Masters Degree,,Carnegie Mellon University,Options Trader,Optiver,2009  2013,4 yrs,Software Engineer,Prevalent Inc.,May 2017  Present,8 mos
GPA 0,2011  2015,Bachelor of Science (B.S.),,University of Rochester,Teaching Intern,University of Rochester,Sep 2014  May 2015,9 mos,Instructor,STEP IT Academy,Sep 2015  Jan 2016,5 mos,Software Engineer,IBM,Feb 2016  Present,1 yr 11 mos
GPA 0,2011  2012,Associate of Arts (AA),,Houston Community College,Front End Developer,Pegasus Solutions,Feb 2015  Sep 2015,8 mos,Front End Software Engineer,Rubenstein Technology Group,Sep 2015  Aug 2016,1 yr,Software Engineer,Verizon,Aug 2016  Present,1 yr 5 mos
GPA 3.9,2013  2015,Master of Science (MS),,New York University,R&D Software Developer,Bloomberg LP,Jun 2015  Sep 2015,4 mos,Software Engineer,Bloomberg LP,Sep 2015  Present,2 yrs 4 mos,Entrepreneur,L&W Enterprise,Feb 2015  Present,2 yrs 11 mos
GPA 0,2011  2015,Bachelor of Science,,University of Rochester,Vice President of Academic Living Center Operations,Sigma Phi Epsilon,Jan 2014  Dec 2014,12 mos,Ruby Developer,University of Rochester Medical Center,Aug 2014  May 2015,10 mos,Software Engineer,IBM,Jun 2015  Present,2 yrs 7 mos
GPA 0,2012  2016,Bachelor's Degree,,University of Rochester,Associate Software Engineer,|Pivotal, Inc.|,Sep 2016  Present,1 yr 4 mos
GPA 0,2010  2014,Bachelor of Science,,University of Rochester,Software Engineering Intern,Google,May 2012  Aug 2012,4 mos,Software Engineering Intern,Google,May 2013  Aug 2013,4 mos,Software Engineer,Google,Jul 2014  Present,3 yrs 6 mos
GPA 0,2014  2018,Bachelor of Science (B.S.),,University of Rochester,Software Engineering Intern,Soleo,May 2016  Dec 2016,8 mos,Software Engineering Intern,FactSet,May 2017  Aug 2017,4 mos,Software Engineer,ActionIQ,Nov 2017  Present,2 mos
GPA 0,2012  2016,Bachelor of Science (B.S.),,University of Rochester,Software Engineering Internship,HBO,Jun 2015  Aug 2015,3 mos,Web Developer for the Political Science Department,University of Rochester,Feb 2014  May 2016,2 yrs 4 mos,Software Engineer,HBO,Jun 2016  Present,1 yr 7 mos
GPA 0,2015,Bachelor's Degree,,Stony Brook University,Software Engineer,Scholastic,Jun 2015  Present,2 yrs 7 mos
GPA 0,2012  2016,Bachelor of Arts (B.A.),,University of Rochester,Bag Room Attendant,Monroe Golf Club,Aug 2010  Aug 2013,3 yrs 1 mo,Brokerage Intern,|Rochester Wealth Management Group, LLC|,May 2013  Aug 2013,4 mos,Financial Software Engineer,Rebar Systems,Jul 2016  Present,1 yr 6 mos
GPA 0,2014  2016,Bachelor of Science (B.S.),,University of Rochester,Intern,|Russian Media Group, LLC & Shalom TV|,May 2013  Aug 2013,4 mos,General Programming Intern,What If Media Group,May 2015  Aug 2015,4 mos,Security Software Engineer Intern,Apple,May 2016  Present,1 yr 8 mos
GPA 0,2017  2017,Master of Engineering - MEng,,Cornell University,Mobile Application Developer,RosieApp,Jun 2015  May 2016,1 yr,Software Engineer Intern,Facebook,May 2016  Aug 2016,4 mos,Software Engineer,Facebook,Aug 2017  Present,5 mos
GPA 0,2010  2014,Bachelor of Science (BS),,University of Rochester,Student Researcher in Numerical Astrophysics,University of Rochester Department of Physics and Astronomy,Jan 2012  May 2014,2 yrs 5 mos,|Financial Software Developer, Cross Asset Derivatives|,Bloomberg LP,Jul 2014  Aug 2016,2 yrs 2 mos,Software Engineer,Google,Aug 2016  Present,1 yr 5 mos
3.6 (with Honors),2005  2009,Bachelor's degree,,|University of California, Santa Barbara|,Software Engineer,The Difference Engine,May 2017  Oct 2017,6 mos,English Teacher,VIPKID,Jun 2016  Present,1 yr 7 mos,Freelance Software Engineer,|Freelance, self-employed|,Aug 2017  Present,5 mos
GPA 0,2013  2017,Bachelor of Science (B.S.),,University of Rochester,Artificial Intelligence TA,University of Rochester,Jan 2016  May 2016,5 mos,Software Engineering Intern,Google,May 2016  Aug 2016,4 mos,Software Engineer,Google,Jul 2017  Present,6 mos
GPA 0,2012  2017,Bachelor of Science - International Undergraduate Honors Program,,Tecnolgico de Monterrey,Web Development Intern,Engrana,Jun 2015  Aug 2015,3 mos,Software Engineering Intern,CompareGlobalGroup,Apr 2016  Jul 2016,4 mos,Software Engineer,Google,Jul 2017  Present,6 mos
GPA 0,2012  2016,Bachelor of Arts (B.A.),,Amherst College,Diversity Intern,Amherst College Office of Admission,2013  2016,3 yrs,Teaching Assistant,Amherst College Department of Computer Science,2015  2016,1 yr,Software Engineer,Google,Sep 2016  Present,1 yr 4 mos
GPA 0,2013  2017,Bachelor of Science (B.S.),,New York University,Software Developer Intern,AIG,Jun 2016  Aug 2016,3 mos,iOS Engineer Intern,|NBCUniversal Media, LLC|,Sep 2016  Dec 2016,4 mos,Software Engineer,Qualtrics,Jul 2017  Present,6 mos
GPA 0,2012  2016,Bachelor of Arts (BA),,Brown University,Software Engineering Intern,Square,Jun 2014  Aug 2014,3 mos,Software Engineering Intern,Udacity,Jun 2015  Aug 2015,3 mos,Software Engineer,Google,Sep 2016  Present,1 yr 4 mos
GPA 0,2012,Bachelors Degree,,The Open University of Israel,Coding Bootcamp Mentor,Israel Tech Challenge,Nov 2015  Apr 2016,6 mos,Lead Software Engineer,EZ Lane,Aug 2014  Aug 2016,2 yrs 1 mo,Software Development Engineer,|The Trade Desk, Inc.|,Sep 2016  Present,1 yr 4 mos
GPA 0,2015  2017,Master of Science (M.S.),,New York University,Software Engineer Intern,Intel Corporation,Mar 2015  Jul 2015,5 mos,Software Engineer Intern,Google,May 2016  Aug 2016,4 mos,Software Engineer,Google,Jul 2017  Present,6 mos
GPA 0,2013  2016,Bachelor of Science (BS),,Columbia Engineering,Software Engineering Intern,The MathWorks,May 2015  Aug 2015,4 mos,Software Engineering Intern,AppNexus,May 2016  Aug 2016,4 mos,Software Engineer,AppNexus,Feb 2017  Present,11 mos
GPA 0,2012  2016,Bachelor of Science (B.S.),,Columbia University in the City of New York,Web Developer Intern,InquisitHealth,Aug 2013  Jan 2014,6 mos,Software Engineer,Vigme,2014  2015,1 yr,Software Engineer,Fundera,Jun 2015  Present,2 yrs 7 mos
GPA 0,2013  2017,Bachelor's Degree,,Cornell University,Software Development Engineer Intern,Amazon,Jun 2016  Aug 2016,3 mos,Teaching Assistant,Cornell University,Aug 2015  May 2017,1 yr 10 mos,Software Engineer,Google,Aug 2017  Present,5 mos
3.7,2006  2010,Bachelor of Arts,,University of Chicago,Fellow,Math for America,May 2010  Sep 2015,5 yrs 5 mos,Junior Software Engineer,Recombine,Feb 2016  May 2016,4 mos,Software Engineer,Phosphorus,May 2016  Present,1 yr 8 mos
GPA 0,2012,Bachelor of Science (B.S.),,State University of New York College at Oneonta,Software Engineer,|1-800-FLOWERS.COM, INC.|,Jan 2015  Jun 2016,1 yr 6 mos,Software Engineer,Zipdrug,Jun 2016  Apr 2017,11 mos,Software Engineer,|LifeCo, Inc.|,Apr 2017  Present,9 mos
magna cum laude,2013  2017,Bachelors Degree,,Wellesley College,Software Engineering Intern,Zappos Family of Companies,Jun 2016  Aug 2016,3 mos,Supplemental Instruction Leader,Wellesley College,Jan 2015  May 2017,2 yrs 5 mos,Software Engineer,Google,Jul 2017  Present,6 mos
GPA 0,2010  2014,,,University of Miami,Software Engineer Intern (Windows),Microsoft,May 2013  Aug 2013,4 mos,Software Engineer Intern (Windows),Microsoft,May 2014  Aug 2014,4 mos,Software Engineer,Microsoft,May 2015  Present,2 yrs 8 mos
Senior,2013  2017,Bachelor of Science (B.S.),,Northwestern University,Director of the Midwest,TAMID Group,Aug 2015  Oct 2016,1 yr 3 mos,Chapter President,TAMID Group,Jan 2016  Jan 2017,1 yr 1 mo,Software Engineer,Google,Sep 2017  Present,4 mos
GPA 0,2008  2012,Bachelor of Science (BS),,Massachusetts Institute of Technology,Partner,Caffeinated Analytics,Jan 2015  Jun 2016,1 yr 6 mos,|Software Engineer, Infrastructure|,Uber,Jun 2016  Jun 2017,1 yr 1 mo,|Software Engineer, Search|,Google,Jul 2017  Present,6 mos
GPA 0,2016  2017,,,University of Rochester,Recurser / Programmer,Recurse Center,May 2015  Aug 2015,4 mos,Software Engineering Intern,Etsy,Jun 2016  Aug 2016,3 mos,Software Development Engineer,Microsoft,Sep 2017  Present,4 mos
GPA 0,2012  2016,Bachelor of Science (B.S.),,University of Rochester,Head Teaching Assistant,University of Rochester,Aug 2014  Dec 2014,5 mos,Software Engineering Intern,Apple,May 2015  Aug 2015,4 mos,Software Engineer,Google,Sep 2016  Present,1 yr 4 mos
GPA 0,2014  2017,Bachelor's of Science,,Stony Brook University,Software Engineer Intern,The Research Foundation for SUNY,Nov 2014  May 2016,1 yr 7 mos,Software Engineer Intern,J.P. Morgan,Jun 2016  Aug 2016,3 mos,Software Engineer,J.P. Morgan,Jun 2017  Present,7 mos
GPA 0,2005  2007,Bachelor's degree,,University of Virginia,Fellow,Fog Creek Software,Apr 2015  May 2015,2 mos,Software Engineer,BounceX,May 2015  Jun 2017,2 yrs 2 mos,|Software Engineer, Emerging Platforms|,Group Nine Media,Sep 2017  Present,4 mos
GPA 0,2012  2016,Bachelor of Science,,Villanova University,Computer and Mathematics Tutor,Villanova Athletic Department,Sep 2014  May 2016,1 yr 9 mos,Resident Assistant,Villanova Residence Life,Aug 2015  May 2016,10 mos,Software Engineer,ESPN,Jun 2016  Present,1 yr 7 mos
GPA 0,2012  2016,Bachelor of Arts (BA),,Pomona College,Computer Science Teaching Assistance,Pomona College,Sep 2013  Dec 2014,1 yr 4 mos,Software Engineer Intern,Google,May 2015  Aug 2015,4 mos,Software Engineer,Google,Sep 2016  Present,1 yr 4 mos
GPA 0,2004  2009,B.S.,,State University of New York College at Buffalo,Software Engineer,|Greenhouse Software, Inc.|,Mar 2016  Oct 2016,8 mos,Senior Software Engineer,Dia.co,Jan 2017  Mar 2017,3 mos,Senior Software Engineer,ShopKeep,May 2017  Present,8 mos
GPA 0,2015  2017,Master's degree,,Stony Brook University,Software Engineer,Unbxd Inc,Feb 2014  May 2015,1 yr 4 mos,Software Engineering Intern,Eyeview,Jun 2016  Aug 2016,3 mos,Software Engineer,Eyeview,Feb 2017  Present,11 mos
3.6/4.0,2003  2007,BA,,Yale University,|Manager, Media Solutions|,Facebook,Jan 2012  May 2014,2 yrs 5 mos,Software Engineer,CB Insights,Jan 2015  Feb 2017,2 yrs 2 mos,Partner,Mango Tech Creative,May 2017  Present,8 mos
GPA 0,2010  2014,Bachelor of Science (BS),,University of Rochester,Web Developer - Part Time,Relevant Mobile,Jul 2014  Nov 2014,5 mos,Software Engineer,SinglePlatform,Oct 2014  Sep 2016,2 yrs,Software Engineer,Axial,Sep 2016  Present,1 yr 4 mos
GPA 0,2017  2017,,,MITx on edX,Reliability Engineering Intern,AppNexus,Jun 2015  Aug 2015,3 mos,Reliability Software Engineer,AppNexus,Sep 2015  Nov 2016,1 yr 3 mos,DevOps Engineer,dailymotion,May 2017  Present,8 mos
GPA 0,2010  2014,Bachelor's degree,,Stony Brook University,Technical Services Analyst,Epic,Aug 2014  May 2015,10 mos,Test Automation Engineer,|Greenhouse Software, Inc.|,Jan 2016  Jan 2017,1 yr 1 mo,Software Engineer II,Greenhouse Software,Jan 2017  Present,1 yr
GPA 0,2012  2016,Bachelor of Science and Engineering,,Princeton University,Software Engineering Intern,AppNexus,Jun 2015  Aug 2015,3 mos,Lab TA (Teaching Assistant),Princeton University,Sep 2014  Jun 2016,1 yr 10 mos,Software Engineer,AppNexus,Jul 2016  Present,1 yr 6 mos
GPA 0,2012  2016,BS,,University of Rochester,Software Developer Internship,EarthLink Business,May 2014  Aug 2014,4 mos,Software Engineer,SmartFinance LLC,Jun 2015  Oct 2016,1 yr 5 mos,Software Engineer,TD,Nov 2016  Present,1 yr 2 mos
GPA 0,2013  2017,Bachelors Degree,,Vanderbilt University,Software Engineer Intern,Microsoft,May 2015  Aug 2015,4 mos,Software Engineer Intern,Microsoft,May 2016  Aug 2016,4 mos,Software Engineer,Facebook,Aug 2017  Present,5 mos
GPA 0,2017  2017,,,Product School,Intern,Viacom,Oct 2015  Dec 2015,3 mos,Summer Associate - Software Engineer,Viacom,May 2016  Aug 2016,4 mos,Software Engineer,Viacom,Aug 2016  Present,1 yr 5 mos
GPA 0,2014  2014,,,Fullstack Academy of Code,Photographer,Adam Barcan Photography,2014  2015,1 yr,Test Automation Engineer,|Greenhouse Software, Inc.|,Dec 2014  Dec 2015,1 yr 1 mo,|Software Engineer, Product|,|Greenhouse Software, Inc.|,Dec 2015  Present,2 yrs 1 mo
GPA 0,2002  2006,Bachelor's degree,,Universit du Qubec  Montral,Fullstack developer,FUIR LLC,2014  2015,1 yr,Freelance Web Developer,Qu,2015  2015,less than a year,Software Engineer,|Greenhouse Software, Inc.|,Apr 2015  Present,2 yrs 9 mos
|3.8 Computer Science/Math, 3.56 overall|,2012  2016,Bachelors Degree,,New York University,Freelance Software Engineer,United Restaurants,Mar 2017  Jul 2017,5 mos,Lead Software Engineer,Scoutsee,Sep 2016  Oct 2017,1 yr 2 mos,Software Engineer,Facebook,Oct 2017  Present,3 mos
GPA 0,2011  2015,Bachelor of Arts (B.A.),,New York University,Software Engineer,Shoptiques.com,Oct 2014  Mar 2015,6 mos,Software Engineer,Boxed,Aug 2015  Sep 2017,2 yrs 2 mos,Software Engineer,Zocdoc,Sep 2017  Present,4 mos
GPA 0,2016  2017,Nanodegree,,Udacity,Digital Project Management Intern,F#,Feb 2016  May 2016,4 mos,User Services Engineering Intern,Box,Jun 2016  Aug 2016,3 mos,Software Engineer (Product),Hustle,May 2017  Present,8 mos
GPA 0,2011  2015,Bachelors Degree,,University of Rochester,Intern,Google,May 2014  Aug 2014,4 mos,Software Engineer,Google,Jul 2015  Present,2 yrs 6 mos
GPA 0,,B.S.E.,,University of Pennsylvania,Intern,Twisted Matrix Labs,Jun 2013  Sep 2013,4 mos,Student,Recurse Center,Oct 2013  Dec 2013,3 mos,Software Engineer,Dropbox,Oct 2014  Present,3 yrs 3 mos
Cumulative GPA: 3.913; Major GPA: 3.962,2013  2017,Bachelor of Business Administration (BBA),,|Baruch College, City University of New York (CUNY)|,Financial Content Analyst,Selerity,Feb 2015  May 2016,1 yr 4 mos,Software Engineer,Revature,Jun 2017  Oct 2017,5 mos,Software Engineer,Apple,Oct 2017  Present,3 mos
3.6,2012  2016,Bachelors Degree,,University at Buffalo,Software Engineer Intern,Avarint,May 2015  Sep 2015,5 mos,Software Engineer,FactSet,Jun 2016  Present,1 yr 7 mos
summa cum laude,2012  2016,Bachelor of Science (B.S.),,Tufts University,Web Developer Intern,TurningArt,Jun 2014  Dec 2014,7 mos,Software Engineer Intern,Microsoft,Jun 2015  Aug 2015,3 mos,Software Engineer,Google,Sep 2016  Present,1 yr 4 mos
Magna Cum Laude (High Honors),2012  2016,Bachelors Degree,,Princeton University,Software Engineering Intern,|MuseAmi, Inc.|,Jun 2014  Aug 2014,3 mos,Software Engineering Intern,Whitepages,Jun 2015  Aug 2015,3 mos,Software Engineer,Square,Aug 2016  Present,1 yr 5 mos
GPA 0,2014  2015,Master of Science,,|University of California, Riverside|,Teaching Assistant,|University of California, Riverside|,Mar 2015  Jun 2015,4 mos,Software Engineer Intern,HBO,Jun 2015  Aug 2015,3 mos,Software Engineer,HBO,Jan 2016  Present,2 yrs
GPA 0,2013  2017,Bachelors Degree,,Saint Michael's College,Digital Media Ad Operations Intern,Discovery Communications,Jun 2016  Aug 2016,3 mos,Intern Front End Developer,Bluehouse Group,Jan 2017  May 2017,5 mos,Software Engineer,UBS,Jun 2017  Present,7 mos
3.68,2012  2016,Bachelor of Science (B.S.),,New York University - Leonard N. Stern School of Business,Sales & Trading Summer Analyst,Citi,Jun 2015  Aug 2015,3 mos,Sales & Trading Analyst,Citi,Jun 2016  Feb 2017,9 mos,Software Engineer,Zinc Platform,Feb 2017  Present,11 mos
Dean's List (3.8/4.0),2012  2016,Bachelor of Science (B.Sc.),,New York University,Engineering Intern,|Vox Media, Inc.|,Jun 2016  Aug 2016,3 mos,Co-Founder,Flawless Hacks,Jan 2016  Present,2 yrs,Software Engineer,Google,Sep 2016  Present,1 yr 4 mos
GPA 0,2015  2016,,,Fullstack Academy of Code,Rotational Analyst,JP Morgan,Jul 2007  Jun 2009,2 yrs,Vice President,JP Morgan,Jun 2009  Jun 2015,6 yrs 1 mo,Software Engineer,|IrisVR, Inc.|,Sep 2016  Present,1 yr 4 mos
GPA 0,2014  2018,Bachelor's degree,,City University of New York-Hunter College,Swimming Pool Automation Programmer,CraftWorks Enterprises,May 2014  Jan 2015,9 mos,eCommerce Warehouse Manager,NYSells,Oct 2014  May 2015,8 mos,Software Engineer,HYPR Corp.,Jun 2015  Present,2 yrs 7 mos
3.89,2012  2016,Bachelor of Science (B.S.),,New York University,Investment Banking Intern,StoneCastle Placement Advisors,Jan 2015  Jan 2015,1 mo,Summer Analyst,J.P. Morgan,Jun 2015  Jul 2015,2 mos,Software Engineer,Google,Dec 2016  Present,1 yr 1 mo
GPA 0,2013  2017,Bachelors Degree,,Stanford University,President,Stanford Marketing,Sep 2015  Jun 2016,10 mos,Product Mangement Intern,|X, the moonshot factory|,Jun 2016  Sep 2016,4 mos,Software Engineer,Cadre,Jul 2017  Present,6 mos
GPA 0,2012  2016,Bachelor's of Science,,Western Michigan University,Software Developer,Maestro,Aug 2014  Jun 2015,11 mos,Multimedia Software Engineer Intern,Motorola,Jun 2015  Sep 2015,4 mos,Software Engineer,Google,Sep 2016  Present,1 yr 4 mos
GPA 0,2012  2016,Bachelor of Arts (B.A.),,New York University,Software Development Engineer Intern,Amazon,Jun 2015  Aug 2015,3 mos,Software Engineering Resident,Google,Jul 2016  Jun 2017,1 yr,Software Engineer,Google,Jun 2017  Present,7 mos
GPA 0,2007  2009,Masters Degree,,Columbia Engineering,Software Engineer,Google,Jan 2009  Mar 2015,6 yrs 3 mos,Software Engineer,Placemeter,Apr 2015  Present,2 yrs 9 mos
GPA 0,2013  2016,BSc. Computer Science,,University of Connecticut,Game/Web Programmer,Tournament One,Jan 2013  Jan 2016,3 yrs 1 mo,Course Assistant,University of Connecticut,Jan 2016  May 2016,5 mos,Software Engineer,FactSet,Jul 2016  Present,1 yr 6 mos
GPA 0,2010  2014,Bachelor of Arts (B.A.),,Princeton University,Researcher,|Integrative Pain Management Service, Kaiser Walnut Creek|,Jun 2013  Aug 2013,3 mos,Engineer,Brewster Inc,Jul 2014  Sep 2015,1 yr 3 mos,Software Engineer,Hometeam.,Sep 2015  Present,2 yrs 4 mos
GPA 0,2013  2017,Bachelor's Degree,,Columbia University in the City of New York,Software Engineering Intern,AppNexus,May 2016  Aug 2016,4 mos,Teaching Assistant,Columbia University in the City of New York,Jan 2017  May 2017,5 mos,Software Engineer,AppNexus,Jul 2017  Present,6 mos
GPA 0,2012  2016,Bachelor's Degree,,The University of Chicago,Engineering Intern,Box,Jun 2015  Sep 2015,4 mos,|Web Development Assistant, Humanities Computing Division|,The University of Chicago,Oct 2014  Apr 2016,1 yr 7 mos,Software Engineer,Google,Sep 2016  Present,1 yr 4 mos
GPA 0,2012  2015,Bachelor of Science (BS),,Carnegie Mellon University,Member of Technical Staff,Cisco Meraki,May 2015  Aug 2015,4 mos,Technical Cluster Manager,Carnegie Mellon University,Sep 2012  Nov 2015,3 yrs 3 mos,Software Engineer,Google,Mar 2016  Present,1 yr 10 mos
GPA 0,2012  2016,Bachelor's Degree,,Brown University,Software Development Intern,Epic,May 2014  Aug 2014,4 mos,Software Engineer Intern,Facebook,Jun 2015  Aug 2015,3 mos,Software Engineer,Facebook,Oct 2016  Present,1 yr 3 mos
GPA 0,2012  2016,Bachelor of Arts (B.A.),,University of Rochester,DJ,BdubD Enterprises,Mar 2014  Apr 2016,2 yrs 2 mos,Assistant English Teacher,Escuelas Catlicas,Sep 2016  Jun 2017,10 mos,Freelance Web Developer / Software Engineer,Blinkist,Jan 2016  Present,2 yrs
GPA 0,2007  2011,Bachelors Degree,,The University of Kansas,|Web Developer Immersive || Web Developer|,General Assembly,Jan 2015  Apr 2015,4 mos,Front End Developer,Sesame Workshop,Aug 2015  Oct 2016,1 yr 3 mos,Software Engineer,BounceX,Nov 2016  Present,1 yr 2 mos
GPA 0,2014  2015,Master's Degree,,Carnegie Mellon University,Quantitative Research Summer Associate,J.P. Morgan,May 2015  Aug 2015,4 mos,Quantitative Research Associate,J.P. Morgan,Feb 2016  Nov 2017,1 yr 10 mos,Software Engineer,Google,Nov 2017  Present,2 mos
GPA 0,2011  2016,Bachelor of Computer Science Honours (Co-op Option),,University of Manitoba,|Software Development Engineer Intern, Customer Protection Services|,Amazon,May 2015  Aug 2015,4 mos,Teaching Assistant,University of Manitoba,Sep 2015  Apr 2016,8 mos,Software Engineer,Google,Sep 2016  Present,1 yr 4 mos
GPA 0,2008  2012,Bachelor of Science in Business Administration (BSBA),,Washington University in St. Louis - Olin Business School,Automation Engineer & Release Manager,|Greenhouse Software, Inc.|,Aug 2014  Jan 2015,6 mos,Associate Software Engineer,|Greenhouse Software, Inc.|,Jan 2015  Jan 2016,1 yr 1 mo,Software Engineer,|Greenhouse Software, Inc.|,Jan 2016  Present,2 yrs
GPA 0,2016  2016,,,Dev Bootcamp,Teaching Assistant,Texas Tech University,Aug 2013  May 2015,1 yr 10 mos,Assistant,ArtWare Fundraising,Apr 2016  Aug 2016,5 mos,Junior Software Engineer,Tech Startup,Jan 2017  Present,1 yr
GPA 0,2014  2018,Bachelors Degree,,University of Rochester,Workshop Leader,University of Rochester Computer Science Department,Jan 2015  Dec 2015,12 mos,Undergraduate HCI Research Assistant,UR Human Computer Interaction Lab,Jan 2016  May 2017,1 yr 5 mos,Software Engineer Intern,Viacom,Jun 2017  Sep 2017,4 mos
GPA 0,2013  2017,Bachelor of Science (BS),,Georgia Institute of Technology,|Flight Software Developer, Lead|,PROX-1 Satellite Mission,Jan 2014  Present,4 yrs,Software Engineering Intern,|MongoDB, Inc.|,May 2016  Present,1 yr 8 mos,Software Engineer,MongoDB,Aug 2017  Present,5 mos
GPA 0,2008  2013,Bachelor of Science (BS),,North Carolina State University,CTO,Hootli,Sep 2010  May 2012,1 yr 9 mos,Software Engineering Intern,Google,May 2012  Aug 2012,4 mos,Software Engineer,Google,Aug 2013  Present,4 yrs 5 mos
GPA 0,2013  2017,,,State University of New York at Stony Brook,Software Engineering Intern,Bloomberg LP,2015  2015,less than a year,Software Engineering Intern,|MongoDB, Inc.|,May 2016  Aug 2016,4 mos,Software Engineer,Google,Sep 2017  Present,4 mos
GPA 0,2013  2016,Bachelor of Science (B.S.),,Columbia University in the City of New York,Undergraduate Researcher,Neural Engineering and Control Lab at Columbia University,Oct 2013  May 2015,1 yr 8 mos,Software Developer Internship,Epic,May 2015  Aug 2015,4 mos,Software Engineer,Google,2016  Present,1 yr
GPA 0,2006  2010,,,Penn State University,|Vice President, ETF Trading Solutions|,WallachBeth Capital,Oct 2010  Oct 2015,5 yrs 1 mo,Software Engineer,Hack Reactor,Jan 2016  May 2016,5 mos,Software Engineer,Primary.com,Jun 2016  Present,1 yr 7 mos
GPA 0,2012  2016,Bachelor of Arts (B.A.),,Vancouver Island University,Analyst,Impark,Apr 2014  Apr 2016,2 yrs 1 mo,Engineer,Tesla,Sep 2016  Sep 2017,1 yr 1 mo,Software Engineer,Coinbase,Oct 2017  Present,3 mos
GPA 0,,,,New York University,Software Engineer,|Greenhouse Software, Inc.|,Apr 2014  Aug 2016,2 yrs 5 mos,Tech Lead,Greenhouse Software,Aug 2016  Aug 2017,1 yr 1 mo,Senior Software Engineer,Greenhouse Software,Aug 2017  Present,5 mos
3.83 GPA,2013  2017,Bachelor of Arts (BA),,Carleton College,Engineering Quality Technical Intern,AppNexus,Jun 2016  Aug 2016,3 mos,Computer Science Prefect (TA),Carleton College,Apr 2016  Jun 2017,1 yr 3 mos,Software Engineer,AppNexus,Jul 2017  Present,6 mos
GPA 0,2015  2017,Master of Science (MS),,Stanford University,Undergraduate Research Assistant,WINLAB at Rutgers University,Jan 2014  Mar 2015,1 yr 3 mos,Software Engineer,AUGMATE,Feb 2015  Mar 2017,2 yrs 2 mos,Software Engineer,QVT Financial LP,Jun 2017  Present,7 mos
3.0,2013  2017,Bachelors of Science,,Rutgers University,IT Global Finance Co-Op,Johnson & Johnson,Jun 2015  Dec 2015,7 mos,EHS&S Associate Analyst Intern,Johnson & Johnson,Jun 2016  Mar 2017,10 mos,Software Engineer,UBS,Aug 2017  Present,5 mos
GPA 0,2003  2007,H.S.,,Brooklyn Technical H.S,Junior Javascript Developer,Independent Contractor,Nov 2012  May 2014,1 yr 7 mos,Software Engineer,Permission Data,May 2014  Aug 2015,1 yr 4 mos,Software Engineer,OpenFin,Sep 2015  Present,2 yrs 4 mos
GPA 0,2011  2012,Master of Science (MS),,Stanford University,Program Manager,Microsoft,Sep 2012  Sep 2014,2 yrs 1 mo,Software Engineer,Facebook,Sep 2014  Present,3 yrs 4 mos,Software Engineer,Instagram,Feb 2017  Present,11 mos
GPA 0,2013  2017,Bachelor of Science (B.S.),,Binghamton University,Resident Consultant (ResCon),Binghamton University,Aug 2014  May 2016,1 yr 10 mos,Software Engineering Intern,IBM,May 2016  Dec 2016,8 mos,Software Engineer,IBM,Jun 2017  Present,7 mos
GPA 0,2008  2012,Bachelor of the Arts,,Columbia University in the City of New York,Teaching Assistant for Introduction to Computer Science in MATLAB,Columbia University in the City of New York,Sep 2011  May 2012,9 mos,Software Engineer,Google,Aug 2012  Feb 2015,2 yrs 7 mos,Software Engineer,AltSchool,Feb 2015  Present,2 yrs 11 mos
Magna cum laude,2012  2016,Bachelors Degree,,Middlebury College,Software Engineering Intern,Pinterest,Jun 2015  Sep 2015,4 mos,Technical Assistant (Sound Engineer),Middlebury,Jan 2013  May 2016,3 yrs 5 mos,Software Engineer,Google,Aug 2016  Present,1 yr 5 mos
Magna Cum Laude,2012  2016,B.S.E.,,Princeton University,CTO,Jesus' Economy,Jan 2017  Present,1 yr,Software Engineer,AppNexus,Sep 2016  Present,1 yr 4 mos,Software Engineer II,AppNexus,Oct 2017  Present,3 mos
GPA 0,2010  2014,Bachelor of Science (B.S.),,University of Rochester,Inside Sales Engineer,Emerson Process Management,Aug 2014  Mar 2015,8 mos,Software Developer,ClearFactr,Mar 2015  Apr 2016,1 yr 2 mos,Software Engineer,SALT App,May 2016  Present,1 yr 8 mos
GPA 0,2015  2016,,,Turn To Tech,Student,Turn To tech,2015  2016,1 yr,Grader/consultant,Udacity,Feb 2016  Aug 2016,7 mos,Software Engineer,ThoughtWorks,Jan 2017  Present,1 yr
GPA 0,2012  2016,Bachelor of Arts (B.A.),,Cornell University,Undergraduate researcher,Cornell University,Aug 2014  May 2016,1 yr 10 mos,Engineering Resident,Google,Sep 2016  Mar 2017,7 mos,Software Engineer,Google,Mar 2017  Present,10 mos
GPA 0,2008  2012,Bachelor's Degree,,University of Rochester,Software Engineer / Instructor,Hack Reactor,Apr 2016  Feb 2017,11 mos,Horse/Bear Wrangler,All-Tame Animals,Jan 2002  Present,16 yrs,Software Engineer,PolicyGenius Inc.,Jul 2017  Present,6 mos
GPA 0,2012  2016,Undergraduate,,Dartmouth College,Research Assistant,Neukom Digital Arts Leadership and Innovation Lab,Jan 2014  Sep 2014,9 mos,Software Development Intern,HBO,Jun 2015  Aug 2015,3 mos,Software Engineer,HBO,Jul 2016  Present,1 yr 6 mos
GPA 0,2012  2016,Bachelors Degree,,Harvey Mudd College,Software Development Intern,Spot Trading LLC,Jun 2014  May 2015,1 yr,Software Engineering Intern,Facebook,Jun 2015  Aug 2015,3 mos,Software Engineer,Facebook,Sep 2016  Present,1 yr 4 mos
GPA 0,2014  2016,Master of Science (M.S.),,University of Rochester,Software Engineer intern,CNNIC,Jun 2014  Aug 2014,3 mos,Software Engineer Intern,GE,May 2015  Jul 2015,3 mos,Software Engineer,AppNexus,Jul 2016  Present,1 yr 6 mos
3.83,2010  2014,Bachelor of Arts,,Boston College,Software Engineering Intern,ViaSat,Jun 2013  Aug 2013,3 mos,Software Engineer,FactSet,Jun 2014  Sep 2017,3 yrs 4 mos,Software Engineer,Microsoft,Oct 2017  Present,3 mos
GPA 0,2002  2008,PhD,,University of Rochester,Research Assistant,University of Rochester,2004  2008,4 yrs,Software Engineer,Bloomberg LP,2008  2015,7 yrs,Software Engineer,Google,2015  Present,2 yrs
GPA 0,,Bachelors Degree,,Montclair State University,Software Developer/Advisor,Codecademy,Dec 2015  May 2016,6 mos,Software Engineer,Colgate-Palmolive,May 2016  Present,1 yr 8 mos
|3.40, 3.43 Major GPA|,2012  2016,Bachelor's degree,,University of Rochester,Sales Associate/Cashier,Staples,Jul 2011  Sep 2011,3 mos,Technology Intern,Success Academy Charter Schools,May 2015  Aug 2015,4 mos,Software Engineer,Harris Corporation,Jul 2016  Present,1 yr 6 mos
GPA 0,2012  2017,Bachelor's Degree,,Rutgers University-New Brunswick,Functional Testing Intern,iCIMS,Jun 2016  Aug 2016,3 mos,Test Engineering Intern,iCIMS,Jan 2017  Jun 2017,6 mos,Software Engineer,Cisco,Sep 2017  Present,4 mos
GPA 0,2012  2016,Bachelor of Science (BS),,The University of Chicago,Assistant Resident Head (RA),The University of Chicago,Sep 2014  Jun 2016,1 yr 10 mos,Student Grader,The University of Chicago,Sep 2015  Jun 2016,10 mos,Software Engineer,Google,Sep 2016  Present,1 yr 4 mos
GPA 0,2011  2015,Bachelor of Arts (BA),,University of Rochester,Intern,|Rebar Systems, LLC|,Jun 2013  Aug 2013,3 mos,Summer Analyst,UBS,Jun 2014  Aug 2014,3 mos,Software Engineer,UBS Investment Bank,Aug 2015  Present,2 yrs 5 mos
GPA 0,2017  2019,Master's degree,,Georgia Institute of Technology,Lead Software Engineer,|Spots Development Group, LLC.|,May 2015  Jul 2015,3 mos,Design Team Lead,CEO of My Life,Jun 2015  Dec 2015,7 mos,Software Engineer,IBM,Jun 2016  Present,1 yr 7 mos
4.00,2012  2014,Master of Engineering (M.Eng.),,The Johns Hopkins University,Android and iOS Engineer,Matchflare,2014  2015,1 yr,Technical Co-Founder,Diial,2014  2015,1 yr,Software Engineer,Google,Jun 2015  Present,2 yrs 7 mos
A-,2014  2016,Master of Science (MS),,Pace University,Navy Assurance Inspector/Craftsman,US Navy Reserve,Jun 2012  Jun 2014,2 yrs 1 mo,Performance Tester,FDM Group,Jan 2014  Jan 2016,2 yrs 1 mo,Software Development Engineer In Test,|1-800-FLOWERS.COM, INC.|,Feb 2016  Present,1 yr 11 mos
GPA 0,2011  2015,Bachelor of Science,,Duke University,Software Engineering Intern,SumAll,May 2014  Aug 2014,4 mos,Software Engineer,LinkedIn,Jul 2015  Jul 2017,2 yrs 1 mo,Senior Software Engineer,LinkedIn,Aug 2017  Present,5 mos
GPA 0,2010  2014,Bachelor of Science (B.S.),,Clarkson University,Intern,|KOgent Systems, LLC|,May 2013  Jul 2013,3 mos,Software Engineer,Weeby.co,Jan 2015  Jul 2015,7 mos,Software Engineer,IBM,Nov 2015  Present,2 yrs 2 mos
GPA 0,2014  2015,Masters Degree,,Rutgers University-New Brunswick,|Founder, Lead Developer|,RuTwist.com,Aug 2013  May 2015,1 yr 10 mos,Software Engineer,delivery.com,Jun 2015  Jan 2017,1 yr 8 mos,Software Engineer,Flywheel Sports,Jan 2017  Present,1 yr
GPA 0,2008,Bachelor of Science (BS),,Carnegie Mellon University,Software Engineer,LinkedIn,Mar 2013  Mar 2014,1 yr 1 mo,Senior Software Engineer,LinkedIn,Mar 2014  Dec 2016,2 yrs 10 mos,Senior Software Engineer - Data Science,LinkedIn,Dec 2016  Present,1 yr 1 mo
GPA 0,2012  2014,Master of Arts (M.A.),,Yale University,Web Developer,|SumZero, Inc.|,Mar 2015  Sep 2016,1 yr 7 mos,Software Engineer,|CrowdTwist, Inc.|,Oct 2016  Present,1 yr 3 mos
GPA 0,2012  2015,Bachelor of Science (B.S.),,Carnegie Mellon University,Lead iOS Developer,Tiramisu Transit,Sep 2012  Dec 2014,2 yrs 4 mos,Research Intern,MuseAmi,Jun 2015  Aug 2015,3 mos,Software Engineer,Google,Jan 2016  Present,2 yrs
GPA 0,2012  2016,Bachelor's Degree,,Amherst College,Teaching Assistant,Girls Who Code,Jul 2015  Sep 2015,3 mos,Computer Science Department Teaching Assistant,Amherst College,Jan 2015  May 2016,1 yr 5 mos,Software Engineer,Google,Sep 2016  Present,1 yr 4 mos
3.96,2012  2016,Bachelor's degree,,CUNY New York City College of Technology,Computer Assistant Instructor,Microsoft Tech Job Academy,May 2016  Jun 2016,2 mos,Administrative Assistant,Research Foundation of The City University of New York,Mar 2014  Jul 2016,2 yrs 5 mos,Software Engineer,J.P. Morgan,Jul 2016  Present,1 yr 6 mos
GPA 0,2012  2014,,,New York University,Software Developer,Trek Medics International,Feb 2013  May 2014,1 yr 4 mos,Software Engineer,ComiteMD,Jun 2014  May 2016,2 yrs,Software Engineer,WeWork,May 2016  Present,1 yr 8 mos
GPA 0,2014  2015,Master's Degree,,University of Rochester,Research Assistant,University of Rochester,Aug 2015  Dec 2015,5 mos,Software Engineer,PayPal,Dec 2015  Jun 2017,1 yr 7 mos,Senior Software Engineer,Bloomberg LP,Jun 2017  Present,7 mos
GPA 0,2011  2015,Bachelor of Science (B.Sc.),,Binghamton University,Lead Technical Expert at New Media Resource Center,Binghamton University,Jan 2012  May 2015,3 yrs 5 mos,Technical Analyst,Credit Suisse,Jul 2015  Jul 2016,1 yr 1 mo,Software Data Engineer,1010data,Aug 2016  Present,1 yr 5 mos
GPA 0,2010  2014,Bachelor of Science (BS),,Harvey Mudd College,Molecular Genetics Grader,Harvey Mudd College,Aug 2013  Dec 2013,5 mos,MOOC Assistant Project Director,Harvey Mudd College,Sep 2014  May 2015,9 mos,Software Engineer,Google,Sep 2016  Present,1 yr 4 mos
Summa Cum Laude,2012  2016,Bachelors Degree,,New Jersey Institute of Technology,CS Instructor,Flatiron School,Mar 2017  Apr 2017,2 mos,|Adjunct Professor, Computer Science|,New Jersey Institute of Technology,Sep 2016  Present,1 yr 4 mos,Software Engineer,Google,Jul 2016  Present,1 yr 6 mos
GPA 0,2011  2015,Bachelors Degree,,Carleton College,Volunteer,|Gulfcoast Legal Services, Inc|,2015  2015,less than a year,Grader & TA,Carleton College,2012  2015,3 yrs,Software Engineer,IBM,Nov 2015  Present,2 yrs 2 mos
GPA 0,2012  2016,Bachelor of Science (BS),,Rensselaer Polytechnic Institute,Computer Programmer,Rensselaer Center for Open Source Software,May 2014  May 2015,1 yr 1 mo,President,Pi Lambda Phi Fraternity,May 2014  Nov 2015,1 yr 7 mos,Firmware/Software Engineer,Zebra Technologies,Nov 2016  Present,1 yr 2 mos
GPA 0,1999  2002,Bachelor's degree,,Universit du Qubec  Rimouski,Senior Scala Developer,Mediative,Mar 2015  Jul 2015,5 mos,Lead Scala Developer,|Meta (formerly Sciencescape, Inc)|,Jul 2015  Apr 2016,10 mos,Senior Software Engineer,Orchard Platform,Aug 2016  Present,1 yr 5 mos
GPA 0,2003  2003,Graduate Course,,Boston University,Senior Software Engineer,Twitter,Mar 2013  Jun 2013,4 mos,|Senior Software Engineer, Manager|,Orchard Platform,Dec 2013  Aug 2016,2 yrs 9 mos,Principal Engineer,Metamarkets,Dec 2016  Present,1 yr 1 mo
GPA 0,2009  2013,BA,,Columbia University in the City of New York,Infrastructure and Computer Vision Engineer,Dextro,Dec 2014  Feb 2015,3 mos,Software Engineer,Google,Mar 2015  Jul 2016,1 yr 5 mos,Software Engineer,Symbiont.io,Jan 2017  Present,1 yr
GPA 0,2011  2015,Bachelor of Science (B.S.),,Tulane University,Web Development Immersive,General Assembly,Dec 2015  Mar 2016,4 mos,Fullstack Developer,Nimblestack,May 2016  Oct 2016,6 mos,Software Engineer I,BounceX,Apr 2017  Present,9 mos
Software Engineer,UBS,,
GPA 0,2016,,,Fullstack Academy of Code,Client Strategy Manager,Bounce Exchange,2014  2016,2 yrs,Teaching Fellow & Software Developer,Fullstack Academy,Oct 2016  Feb 2017,5 mos,Software Engineer,BounceX,Feb 2017  Present,11 mos
GPA 0,2012  2016,|Bachelor of Science - Computer Science, Bachelor of Arts - Digital Media Studies|,,University of Rochester,Television Manager,University of Rochester Television Station,Jan 2014  May 2016,2 yrs 5 mos,Co-founder; President,UR Makers,Aug 2014  May 2016,1 yr 10 mos,Software Engineer,Vistaprint,Sep 2016  Present,1 yr 4 mos
GPA 0,2011  2014,Bachelors of Art (B.A.),,University of Rochester,Software Engineer,IBM,Feb 2015  Oct 2016,1 yr 9 mos,Staff Software Engineer,IBM,Oct 2016  Feb 2017,5 mos,Staff Software Engineer,IBM,Feb 2017  Present,11 mos
Software Engineer,MIC Electronics Ltd,,
3.98,2014  2015,Master's Degree,,University of Michigan,Assistant in Research,University of Michigan,May 2015  Sep 2015,5 mos,Autonomous Driving of Two-Wheel Robot,University of Michigan,Oct 2015  Dec 2015,3 mos,Software Engineer,Apple,Mar 2016  Present,1 yr 10 mos
Senior,2013  2016,Bachelor of Science (BS),,Illinois Institute of Technology,Teaching Assistant,Illinois Institute of Technology,Aug 2014  May 2016,1 yr 10 mos,Software Engineering Intern,Goldman Sachs,Jun 2016  Aug 2016,3 mos,Software Engineer,Goldman Sachs,Feb 2017  Present,11 mos
GPA 0,2013  2017,Bachelor of Science (B.S.),,University of Connecticut,Software Engineer Intern,Zola.com,May 2016  Aug 2016,4 mos,Full Stack Developer,University of Connecticut,Nov 2015  May 2017,1 yr 7 mos,Software Engineer,Zola.com,May 2017  Present,8 mos
GPA 0,2006  2010,Bachelor of Arts,,University of Colorado at Boulder,Front-End Developer (CONTRACT),Mighty,May 2015  Jul 2015,3 mos,Front-End Developer (STAFF),The Flatiron School,Jul 2015  Oct 2016,1 yr 4 mos,Full-Stack Software Engineer // Agile Consultant,Stride Consulting,Dec 2016  Present,1 yr 1 mo
GPA 0,2008  2011,Bachelor of Science,,State University of New York at Stony Brook,Volunteer Mentor,iMentor,Nov 2013  Dec 2014,1 yr 2 mos,Software Engineer-Web Developer,Samsung SDSA,Jun 2011  Apr 2016,4 yrs 11 mos,Software Engineer I,American Express,May 2016  Present,1 yr 8 mos
3.9/4.0,2010  2013,B.S.,,Manhattan College,Summer Analyst,RBS Markets & International Banking,Jun 2012  Aug 2012,3 mos,Developer,RIMES Technologies,Jun 2013  Jan 2015,1 yr 8 mos,Senior Software Engineer,FactSet,Jan 2015  Present,3 yrs
GPA 0,1995  1999,Bachelor's Degree,,New York University,Software Engineer,Hewlett-Packard,May 2005  Jan 2015,9 yrs 9 mos
3.94,2015  2016,MS,,New York University - Polytechnic School of Engineering,Contract Software Engineer,Fif Express Inc,Apr 2014  Present,3 yrs 9 mos,Mobile Software Engineer,Maag Studios,Jul 2015  Present,2 yrs 6 mos,Software Engineer,Google,Sep 2016  Present,1 yr 4 mos
Magna Cum Laude,2013  2017,Bachelor of Science (BS),,Columbia University in the City of New York,Head Manager,Columbia University Marching Band,Nov 2015  Nov 2016,1 yr 1 mo,|Technical Lead, Dean's Office|,Columbia University - Columbia Business School,Feb 2017  Jun 2017,5 mos,Software Engineer,MongoDB,Aug 2017  Present,5 mos
GPA 0,2006  2010,BS,,NYU Stern School of Business,Web Development Graduate,Dev Bootcamp,Jun 2016  Oct 2016,5 mos,Junior Software Engineer,Pivotal Labs,Dec 2016  Mar 2017,4 mos,Software Engineering Consultant,Stride Consulting,May 2017  Present,8 mos
GPA 0,2011  2015,Bachelor of Science (B.Sc.),,Brown University,Design Engineering Intern,Teledyne LeCroy,May 2014  Aug 2014,4 mos,Undergraduate Teaching Assistant,Brown University Department of Computer Science,Jan 2014  Dec 2014,12 mos,Software Engineer,Google,Aug 2015  Present,2 yrs 5 mos
3.87 GPA,2016  2017,Master of Engineering - MEng,,Rensselaer Polytechnic Institute,Undergraduate Research Assistant,Rensselaer Polytechnic Institute,Jun 2015  Present,2 yrs 7 mos,Resident Assistant,Rensselaer Polytechnic Institute,Aug 2015  Present,2 yrs 5 mos,Software Engineer,The Blackstone Group,Jun 2017  Present,7 mos
GPA 0,2014  2018,,,Binghamton University,Mobile Application Engineer,Kamian Technologies,Oct 2014  Sep 2015,1 yr,Software Engineer Internship,MongoDB,Jun 2017  Aug 2017,3 mos,Software Engineer,Skopenow,Jun 2015  Present,2 yrs 7 mos
3.79,2015  2016,Masters Degree,,University of Rochester,Undergraduate Research Assistant,University of Rochester,May 2014  Jul 2014,3 mos,Embedded Software Engineer Intern,|AudioScience, Inc.|,Aug 2014  May 2016,1 yr 10 mos,Junior Software Engineer,|AudioScience, Inc.|,Jun 2016  Present,1 yr 7 mos
GPA 0,2017  2017,,,Horizons School of Technology,Undergraduate Research Intern,National Taiwan University,2016  2016,less than a year,Undergraduate Research Assistant,Rutgers University,Aug 2015  May 2016,10 mos,Software Engineer Intern,Amazon,May 2016  Aug 2016,4 mos
GPA 0,2007,Bachelor of Science in Engineering,,University of Pennsylvania,|Vice President, Financing & Solutions Group, Financial Institutions|,Deutsche Bank,Feb 2013  2016,3 yrs,Software Developer / Manager,Capgemini,2017  2017,less than a year,Software Engineer,J.P. Morgan Asset Management,May 2017  Present,8 mos
3.5/4,2014  2016,Master of Science (M.S.),,Stony Brook University,Software Engineering Intern,Amazon Web Services,May 2015  Aug 2015,4 mos,Software Engineer,Boxed,Apr 2016  Jun 2017,1 yr 3 mos,Software Engineer 2,Boxed,Jul 2017  Present,6 mos
GPA 0,2005  2008,Bachelors,,North Carolina State University,Project Engineer,Bloomy Controls,Jun 2008  Aug 2010,2 yrs 3 mos,Independent Consultant,Self-employed,Aug 2010  Sep 2014,4 yrs 2 mos,Senior Software Engineer,BounceX,Sep 2014  Present,3 yrs 4 mos
GPA 0,2016  2017,Masters Degree,,Cornell University,Software Engineering Intern,|MongoDB, Inc.|,May 2016  Aug 2016,4 mos,Teaching Assistant,Cornell University,Jan 2014  May 2017,3 yrs 5 mos,Software Engineer,Palantir Technologies,Jun 2017  Present,7 mos
GPA 0,2010  2014,Bachelor of Business Administration (B.B.A.),,The George Washington University,Full Stack Software Engineer,The Flatiron School,Feb 2016  Mar 2016,2 mos,Senior Analyst,Statewide IME,Mar 2015  Jun 2016,1 yr 4 mos,Software Engineer,Nucleus Intercom,Jun 2016  Present,1 yr 7 mos
Third Year,2013  2017,Engineering,,University of Virginia,Intern,Virginia Engineering Foundation,Feb 2016  May 2016,4 mos,Software Engineering Intern,Teachers Pay Teachers,Jun 2016  Aug 2016,3 mos,Software Engineer,Teachers Pay Teachers,Aug 2017  Present,5 mos
GPA 0,2015  2016,,,Fullstack Academy of Code,Teaching Fellow,Fullstack Academy,Feb 2016  May 2016,4 mos,Software Engineering Intern,Common,Jun 2016  Dec 2016,7 mos,Junior Software Engineer,Common,Dec 2016  Present,1 yr 1 mo
GPA 0,2013  2017,Bachelors Degree,,Connecticut College,CS Teaching Assistant,Connecticut College,Aug 2014  May 2017,2 yrs 10 mos,IT Service Desk Assistant,Connecticut College,Aug 2015  May 2017,1 yr 10 mos,|Software Engineer, Quality|,eBay,Jul 2017  Present,6 mos
GPA 0,2011  2012,Masters of Engineering,,Cornell University,Software Engineer,IBM,Sep 2012  Aug 2014,2 yrs,Staff Software Engineer,IBM,Sep 2014  Jul 2017,2 yrs 11 mos,Advisory Software Engineer,IBM,Aug 2017  Present,5 mos
GPA 0,2013  2014,Master of Science (MS),,University of Rochester,Graduate student,University of Rochester,Aug 2013  Dec 2014,1 yr 5 mos,Software Engineer,Google,Mar 2015  Jan 2017,1 yr 11 mos,Software Engineer,Baidu USA,Mar 2017  Present,10 mos
GPA 0,2011  2015,Bachelor of Science (BS),,Cornell University,Software Engineer,IBM,Jul 2015  Present,2 yrs 6 mos
GPA 0,2016  2016,,,Flatiron School,Student,The Flatiron School,Feb 2016  Apr 2016,3 mos,Technical Intern,AppNexus,Jun 2016  Aug 2016,3 mos,Software Engineer,AppNexus,Aug 2016  Present,1 yr 5 mos
GPA 0,2014  2014,,,Dev Bootcamp,|Editor, Assistant Technical Director|,|EventStreams, LLC|,Feb 2012  Oct 2013,1 yr 9 mos,Web Development Student,Dev Bootcamp,Jan 2014  Mar 2014,3 mos,Software Engineer,Findyr,Apr 2014  Present,3 yrs 9 mos
GPA 0,2003  2007,BSE,,University of Pennsylvania,Director of Engineering,SEVENROOMS,2011  2013,2 yrs,Director of Software Development,|Amazon (Audible, Inc)|,2013  2015,2 yrs,Principal Software Engineer,SEVENROOMS,2015  Present,2 yrs
3.4,2012  2016,Bachelor of Science (BS),,Brooklyn College,Mobile Software Engineer,City University of New York,Jun 2015  Jul 2017,2 yrs 2 mos,Founder,MeFirst - CUNYfirst Tool,Jul 2014  Present,3 yrs 6 mos,Software Engineer,JPMorgan Chase & Co.,Jul 2017  Present,6 mos
Junior Backend Engineer,|Percolate, Inc|,Jul 2013  Mar 2015,1 yr 9 mos,Backend Engineer,Percolate Inc.,Mar 2015  Oct 2016,1 yr 8 mos,Software Engineer II,MediaMath,Oct 2016  Present,1 yr 3 mos
GPA 0,2012  2016,Bachelor's Degree,,Rutgers University-New Brunswick,Software Engineering Intern,IDT Corporation,Jun 2014  Aug 2015,1 yr 3 mos,Computer Lab Consultant,Rutgers New Brunswick Computing Services,May 2013  May 2016,3 yrs 1 mo,Software Engineer,IDT Corporation,Jul 2016  Present,1 yr 6 mos
GPA 0,2013  2017,Bachelor of Science (B.S.),,State University of New York at Binghamton,Software Developer Internship,Guidepoint,Jun 2015  Aug 2015,3 mos,Help Desk Employee,Binghamton University,Sep 2015  Aug 2017,2 yrs,Software Development Engineer,Amazon,Sep 2017  Present,4 mos
GPA 0,2013  2017,|Bachelors Degree, Valedictorian|,,Columbia University in the City of New York,Researcher,Columbia Graphics & User Interfaces Lab,Sep 2016  May 2017,9 mos,2017 Venture For America Fellow,Venture for America,Jun 2017  Present,7 mos,Software Engineer,Votem Corp.,Sep 2017  Present,4 mos
3.97,2010  2014,Bachelors Degree,,University of Rochester,Associate Software Analyst,The MathWorks,Jun 2014  Jun 2015,1 yr 1 mo,Tools Developer,The MathWorks,Jun 2015  Sep 2016,1 yr 4 mos,Software Engineer,Google,Sep 2016  Present,1 yr 4 mos
GPA 0,2015  2017,Master of Science (MS),,New York University,Information Assistant,New York City Marathon,Nov 2015  Nov 2015,1 mo,Research Assistant,New York University,Jul 2016  Dec 2016,6 mos,Software Engineer,Bloomberg LP,Jul 2017  Present,6 mos
GPA 0,2016  2016,,,Fullstack Academy of Code,Credit Analyst,Goldman Sachs,Apr 2014  Sep 2016,2 yrs 6 mos,Student,Fullstack Academy of Code,Oct 2016  Feb 2017,5 mos,Software Engineer,DigiFi,May 2017  Present,8 mos
GPA 0,2014  2016,Master of Science,,City University of New York-Herbert H. Lehman College,Web Developer,TMPG,Mar 2014  Feb 2015,1 yr,Front End Developer,PolicyGenius Inc.,Feb 2015  Sep 2015,8 mos,Software Engineer,Jet.com,Sep 2015  Present,2 yrs 4 mos
GPA 0,2006  2010,Bachelor's degree,,University of Arizona,Software Engineer,Crisis Text Line,Jan 2016  Apr 2016,4 mos,Software Engineer,Recover Together,Feb 2016  Apr 2016,3 mos,Software Engineer,McKinsey & Company,Jun 2016  Present,1 yr 7 mos
GPA 0,2016  2017,Masters Degree,,University of Rochester,Teaching Assistant,University of Rochester,Jan 2015  May 2017,2 yrs 5 mos,Masters Student Researcher,University of Rochester,Jun 2016  May 2017,1 yr,Software Engineer,Netronome,Aug 2017  Present,5 mos
GPA 0,2009  2013,B.S.,,University of Rochester,Consultant,ACA Technology,Oct 2014  Feb 2016,1 yr 5 mos,Software Engineer III,Jet.com,Feb 2016  Sep 2016,8 mos,Senior Software Engineer I,Jet.com,Sep 2016  Present,1 yr 4 mos
GPA 0,2012  2016,Bachelor of Science (B.S.),,New York University,Sales and Marketing Associate,Jozii,Sep 2015  Oct 2016,1 yr 2 mos,Product Manager,Teech,May 2016  Nov 2016,7 mos,Student Software Engineer,Fullstack Academy of Code,Dec 2016  Present,1 yr 1 mo
GPA 0,2010  2014,Bachelor of Science (B.S.),,Villanova University,Medical Scribe,ScribeAmerica,Jul 2014  Oct 2016,2 yrs 4 mos,Recent Dev Bootcamp Graduate,Dev Bootcamp,Dec 2016  Apr 2017,5 mos,Software Engineer,Simple Fractal,Apr 2017  Present,9 mos
GPA 0,2013  2017,Bachelor of Science (BS),,Columbia University - Fu Foundation School of Engineering and Applied Science,|Systems Infrastructure Intern, UNIX team|,Highbridge Capital Management,Jun 2015  Aug 2015,3 mos,|Software Engineering Intern, Data Services team|,Two Sigma,May 2016  Aug 2016,4 mos,Software Engineer,Two Sigma IQ,Aug 2017  Present,5 mos
GPA 0,2009  2014,Bachelor of Arts (BA),,Bard College,Gallery Director,Ammi Ribar Antiques & Fine Period Frames,Oct 2012  Oct 2014,2 yrs 1 mo,Software Engineer,Bounce Exchange,Jan 2015  Present,3 yrs
GPA 0,,BS in Electrical Engineering,,University of Zagreb,Software Engineer,Amcom Software,Jan 1997  Jan 2013,16 yrs 1 mo,Senior Software Engineer,Hertz,Feb 2013  May 2016,3 yrs 4 mos,Lead Software Engineer,ADP,Aug 2016  Present,1 yr 5 mos
GPA 0,2014  2018,Bachelors Degree,,Cornell University,Full Stack Web Developer,FinTech Portfolio,Jun 2016  Aug 2016,3 mos,Vice President of IT,Cornell's Global Economics & Finance Society,Sep 2015  Aug 2017,2 yrs,Software Engineer,Apple,May 2017  Aug 2017,4 mos
GPA 0,2015  2017,,,|Purchase College, SUNY|,Software Engineer Intern,IDT Corporation,Jun 2017  Aug 2017,3 mos,Co-Founder,Utu Gaming,Sep 2016  Present,1 yr 4 mos,Software Developer,IDT Corporation,Aug 2017  Present,5 mos
GPA 0,2014  2018,Bachelor of Science (BS),,New York University,Developer Evangelist,Syncano,Mar 2015  Nov 2015,9 mos,Software Engineering Intern,Shaper,Jun 2016  Aug 2016,3 mos,Software Engineering Intern,B12,Jun 2017  Oct 2017,5 mos
96%,2013  2013,M102 for DBAs,,10gen,Senior Software Engineer,Lab49,Jun 2012  Apr 2015,2 yrs 11 mos,Principal Architect,J9 Technologies,May 2015  Feb 2016,10 mos,Sr. Software Engineer,Orchard Platform,Feb 2016  Present,1 yr 11 mos
3.2,2011  2015,Bachelor of Science (BS),,University of Rochester,ResNet Consultant Technician,University of Rochester IT Department,Sep 2013  May 2015,1 yr 9 mos,Python Web Developer,University of Rochester IT Department,Sep 2014  May 2015,9 mos,Software Engineer,FactSet,Jul 2015  Present,2 yrs 6 mos
|Cumulative: 3.7 GPA, Cum Laude with High Distinction.|,2013  2017,B.S in Computer Science & B.A in Financial Economics with a Minor in Statistics,,University of Rochester,Software Developer Intern,ClearStructure Financial Technology,May 2015  Aug 2015,4 mos,Technological Consultant Intern (Technology Advisory Program in the Financial Services Office),EY,Jun 2016  Aug 2016,3 mos,Financial Software Engineer (Derivatives Data),Bloomberg LP,Jun 2017  Present,7 mos
GPA 0,2009  2011,Graduated Cum Laude with a Bachelor's degree in,,Stony Brook University,Device Support Center Supervisor,Flextronics,Oct 2014  Jun 2015,9 mos,Device Support Center Manager,Flextronics,Jun 2015  Feb 2016,9 mos,Software Engineer,|Toast, Inc.|,Sep 2017  Present,4 mos
GPA 0,2017  2017,,,Fullstack Academy of Code,|Associate Director, Development Communications and Donor Relations|,NYU Langone Medical Center,Oct 2012  Mar 2015,2 yrs 6 mos,Cookbook Editor & Associate Publisher,Lake Isle Press,Mar 2015  Mar 2017,2 yrs 1 mo,Software Engineer,American Express,Jun 2017  Present,7 mos
GPA 0,2013  2015,Bachelor of Science (B.S.),,University of Florida,Web Developer,East Boca Dental,Feb 2013  Jul 2013,6 mos,Software Engineering Intern,Ultimate Software,May 2016  Jul 2016,3 mos,Software Engineer,JPMorgan Chase,Aug 2016  Present,1 yr 5 mos
GPA 0,2007  2011,B.A.,,Colgate University,Software Developer,Amplify Education,Jul 2011  Jul 2014,3 yrs 1 mo,Software Engineer,NopSec Inc.,Sep 2014  Mar 2015,7 mos,Software Engineer,|Greenhouse Software, Inc.|,Mar 2015  Present,2 yrs 10 mos
GPA 0,2003  2007,BSE,,University of Pennsylvania,Software Developer Intern,Goldman Sachs,Jun 2006  Aug 2006,3 mos,Software Development Engineer,Microsoft,Sep 2007  Nov 2009,2 yrs 3 mos,Software Engineer,Google,Dec 2009  Present,8 yrs 1 mo
Senior,2013  2017,Bachelor's Degree,,New York University - Leonard N. Stern School of Business,Software Engineering Intern,The New York Times,Jun 2016  Aug 2016,3 mos,Team Lead - HackDays,Tech@NYU,Aug 2016  May 2017,10 mos,Software Engineer,Intersection Co.,Jun 2017  Present,7 mos
GPA 0,2017  2017,,,App Academy,Workforce Management Analyst Internship,West Corporation,Jun 2013  Aug 2013,3 mos,Sr. Campaign Specialist,Sutherland Global Services,Jul 2015  Oct 2016,1 yr 4 mos,Software Engineer,Whil Concepts,Jul 2017  Present,6 mos
GPA 0,2012  2016,Bachelor of Science (BS),,University of Rochester,IT Center Desk Support,University of Rochester IT Services,May 2014  May 2016,2 yrs 1 mo,Software Engineer,Passkey,Jul 2016  Present,1 yr 6 mos,Software Engineer,Cvent,Jul 2016  Present,1 yr 6 mos
GPA 0,2014  2015,,,University of Maryland College Park,Junior Software Engineer,Cheerity,May 2015  Present,2 yrs 8 mos
GPA 0,2008  2012,Bachelor of Science (B.S.),,Trinity College-Hartford,Founder,Blue Chip Athletics,Apr 2010  Aug 2010,5 mos,Intern,SAMI Health,May 2011  Aug 2011,4 mos,Software Engineer,Bounce Exchange,Jan 2014  Present,4 yrs
GPA 0,2013  2017,B.S. & B.A.,,The College of New Jersey,Software Engineering Intern,PubNub,Jun 2016  Aug 2016,3 mos,Programmer 1,The College of New Jersey,Jun 2015  Nov 2016,1 yr 6 mos,Software Engineer,AT&T,2017  Present,less than a year
3.84,2012  2017,Bachelors Degree,,University of Rochester,Mobile Application Development Intern,Performers Almanac,May 2016  Aug 2016,4 mos,Team Leader of Building Managers,Goergen Athletic Center,Aug 2012  May 2017,4 yrs 10 mos,Software Development Engineer,Amazon,Jul 2017  Present,6 mos
First,2001  2005,Bachelor's degree,,Anna University,Software Engineer,UST Global,Jan 2006  Jan 2008,2 yrs 1 mo,Lead Consultant,Wipro Technologies,Jan 2008  Jun 2015,7 yrs 6 mos,Software Engineer in Test,LinkedIn,Jul 2015  Present,2 yrs 6 mos
GPA 0,2011  2015,Bachelor of Science (B.Sc.),,Brown University,Meiklejohn Peer Advisor,Meiklejohn Peer Advising Program,Aug 2013  May 2015,1 yr 10 mos,Matched Advising Program for Sophomores,Brown University,Oct 2014  May 2015,8 mos,Software Engineer,|MongoDB, Inc.|,Aug 2015  Present,2 yrs 5 mos
GPA 0,2016  2016,,,Dev Bootcamp,Sous Chef,Goggan NYC,Apr 2016  Jul 2016,4 mos,Graduate,Dev Bootcamp,Dec 2016  May 2017,6 mos,Software Engineer,Plated,Jun 2017  Present,7 mos
Software Engineer,Trinity,Dec 2005  Present,12 yrs 1 mo
GPA 0,2009  2014,Bachelor of Science (B.S.),,Rochester Institute of Technology,Post Silicon Validation Engineer Intern,Intel Corporation,May 2013  Aug 2013,4 mos,Software Engineer,IBM,Aug 2014  Aug 2016,2 yrs 1 mo,Staff Software Engineer,IBM,Aug 2016  Present,1 yr 5 mos
GPA 0,2013  2017,Bachelor of Science (B.S.),,Hofstra University,Student Public Safety Officer,Hofstra University,Dec 2013  May 2015,1 yr 6 mos,|Student Card Services || Technican|,Hofstra University,Feb 2016  May 2017,1 yr 4 mos,Software Engineer,Netsmart Technologies,Jun 2016  Present,1 yr 7 mos
GPA 0,2016  2016,,,Fullstack Academy of Code,Business Analyst,AIG,Aug 2015  Feb 2016,7 mos,Teaching Fellow,Fullstack Academy,Jun 2016  Present,1 yr 7 mos,Software Engineer,|Aetion, Inc.|,Nov 2016  Present,1 yr 2 mos
GPA 0,2013  2017,Bachelor of Arts (BA),,Barnard College,IS&T Software Engineer Intern,Apple,May 2016  Aug 2016,4 mos,Computer Science Tutor,Barnard College,Nov 2015  May 2017,1 yr 7 mos,Forward Deployed Software Engineer,Palantir Technologies,Sep 2017  Present,4 mos
11.5/12.0,2011  2016,Bachelor of Engineering (B.Eng.),,Carleton University,NSERC USRA Research Intern,Carleton University,May 2016  Sep 2016,5 mos,Engineering Resident,Google,Sep 2016  Aug 2017,1 yr,Software Engineer,Google,Aug 2017  Present,5 mos
GPA 0,2013  2017,Bachelors Degree,,University of Rochester,IT Intern,HedgeServ,Jun 2016  Aug 2016,3 mos,Computer Assistant,University of Rochester,Sep 2014  May 2017,2 yrs 9 mos,Software Engineer,Arity,Jul 2017  Present,6 mos
GPA 0,2011  2013,Master's degree,,Clarkson University,Software Engineer,IBM,Sep 2013  Sep 2015,2 yrs 1 mo,Staff Software Engineer,IBM,Sep 2015  Present,2 yrs 4 mos
3.5/4.0 GPA,2013  2014,Bachelor of Science,,Illinois Institute of Technology,Teaching Assistant,Illinois Institute of Technology,Aug 2013  May 2014,10 mos,Software Engineering Intern,Goldman Sachs,Jun 2014  Aug 2014,3 mos,Software Engineer,Goldman Sachs,Jan 2015  Present,3 yrs
GPA 0,2011  2014,Master's Degree,,The Johns Hopkins University,Cyber Software Engineer,Northrop Grumman Information Systems,Feb 2011  Sep 2012,1 yr 8 mos,Software Engineer,WaveStrike,Sep 2012  Sep 2015,3 yrs 1 mo,Senior Software Engineer,Bloomberg LP,Sep 2015  Present,2 yrs 4 mos
GPA 0,2010  2014,Bachelor of Arts (B.A.),,Columbia University in the City of New York,Interface Developer,Thrillist Media Group,Jun 2014  Jan 2016,1 yr 8 mos,Co Organizer,NY JavaScript Meetup,Mar 2015  Present,2 yrs 10 mos,Software Engineer,Oscar Insurance,Feb 2016  Present,1 yr 11 mos
GPA 0,2013  2013,WDI Immersive,,General Assembly,Marketing Planning Analyst,LG Electronics,Mar 2012  Aug 2013,1 yr 6 mos,Instructor - Web Development Immersive,General Assembly,Feb 2014  May 2014,4 mos,Software Engineer,|Greenhouse Software, Inc.|,Jul 2014  Present,3 yrs 6 mos
GPA 0,2008  2008,,,Swiss Finance Academy,Software Engineer,UBS Investment Bank,Sep 2008  Sep 2009,1 yr 1 mo,Software Engineer,King Street Capital Management,Sep 2009  May 2013,3 yrs 9 mos,Software Engineer,Lifebooker LLC,Jun 2013  Jun 2016,3 yrs 1 mo
Computer Science Tutor,New Jersey Institute of Technology,Sep 2014  May 2015,9 mos,Software Developer,|Wickr, Inc.|,Jan 2015  Sep 2016,1 yr 9 mos,Software Engineer,Philosophie Group Inc.,Oct 2016  Jul 2017,10 mos
3.87,2015  2016,Master of Science (M.S.),,Rensselaer Polytechnic Institute,Software Development Summer Intern,Hyland Software,2013  2014,1 yr,Software Engineering Intern,Cimpress,Jun 2015  Aug 2015,3 mos,Software Engineer,Bloomberg LP,Jun 2016  Present,1 yr 7 mos
GPA 0,2011  2015,Bachelors Degree,,Colgate University,Software Development Intern,Thomson Reuters,Jun 2013  Aug 2013,3 mos,Program Assistant,The Flatiron School,Jul 2015  Jul 2015,1 mo,Software Engineer,Fidelity Investments,Aug 2015  Present,2 yrs 5 mos
GPA 0,2013  2017,Bachelor of Science (BS),,Brandeis University,Technology Support Technician,LTS Technology Help Desk at Brandeis University,Aug 2014  May 2017,2 yrs 10 mos,Freelance Video Production,N/A,Oct 2013  Present,4 yrs 3 mos,Software Engineer,Capital One,Jul 2017  Present,6 mos
GPA 0,2013  2017,Bachelor of Science (B.S.),,Cornell University,Software Engineer Intern,X: The Moonshot Factory,May 2016  Aug 2016,4 mos,Undergraduate Researcher,Cornell University,Sep 2015  Dec 2016,1 yr 4 mos,Software Engineer,|Snapchat, Inc.|,Aug 2017  Present,5 mos
GPA 0,2010  2013,Bachelor of Science,,Stevens Institute of Technology,Android Consultant,Normal (NRML.com),Jun 2014  Jul 2014,2 mos,Mobile Software Engineer,Voxy,Aug 2014  Apr 2015,9 mos,Android Software Engineer,Weight Watchers,May 2015  Present,2 yrs 8 mos
GPA 0,,,,Stony Brook University,Senior Developer,The Rohatyn Group,Jul 2010  Apr 2014,3 yrs 10 mos,Senior Software Development Engineer,|Anchorage Capital Group, L.L.C.|,Apr 2014  May 2015,1 yr 2 mos,Senior Software Engineer,Orchard Platform,May 2015  Present,2 yrs 8 mos
GPA 0,2013  2017,,,University of South Carolina,Embedded Software Engineering Intern,Northrop Grumman Corporation,May 2016  Jul 2016,3 mos,Student Tutor,University of South Carolina-Columbia,Aug 2015  May 2017,1 yr 10 mos,GTP Analyst - Software Engineer,UBS,Aug 2017  Present,5 mos
4.00,2015  2017,Masters Degree,,Cornell University,Software (Web) and Product Intern,Beijing Hitevision Intelligent Solutions Ltd.,May 2014  Aug 2014,4 mos,Software Engineer Intern,Uber,May 2016  Aug 2016,4 mos,Software Engineer,Uber,Apr 2017  Present,9 mos
GPA 0,2013  2017,Bachelor of Science (B.S.),,Yale University,Teaching Assistant,Yale School of Management,Aug 2015  Dec 2016,1 yr 5 mos,Software Engineer,Staple Health,May 2016  Present,1 yr 8 mos,Software Engineer,Flatiron Health,Aug 2017  Present,5 mos
GPA 0,2009  2013,Bachelor of Science (B.S.) and Bachelor of Arts (B.A.),,University of Rochester,|Undergraduate Assistant, Computational Physics Division|,Los Alamos National Laboratory,Apr 2008  Aug 2012,4 yrs 5 mos,Software Engineer,FactSet Research Systems,Jun 2013  Sep 2015,2 yrs 4 mos,Senior Software Engineer,FactSet Research Systems,Sep 2015  Present,2 yrs 4 mos
GPA 0,2009  2013,Bachelor of Science (BS),,University of Rochester,Application Developer,Florida International University,Sep 2015  Mar 2016,7 mos,Developer,Imagine Easy Solutions,Mar 2016  May 2016,3 mos,Senior Software Engineer,Chegg Inc.,May 2016  Present,1 yr 8 mos
GPA 0,2013  2017,B.S. Physics and B.S in Computer Science,,Lehigh University,Computer Science and Mathematics Department Teaching Assistant,Lehigh University,Aug 2015  May 2017,1 yr 10 mos,Admissions Fellow,Lehigh University,May 2016  May 2017,1 yr 1 mo,Software Engineer,Lutron Electronics,Jun 2017  Present,7 mos
GPA 0,2013  2017,BA,,Swarthmore College,Tutor,InstaEDU,Sep 2014  Oct 2016,2 yrs 2 mos,Extern,|Summit Securities Group, LLC|,Jan 2017  Jan 2017,1 mo,Software Engineer,Lose It!,Jul 2017  Present,6 mos
GPA 0,2013  2017,Bachelor's Degree,,University of Rochester,Engineering Intern,LinQuest,May 2016  Aug 2016,4 mos,Web Design Teacher's Assistant,University of Rochester,Sep 2015  May 2017,1 yr 9 mos,Software Engineer,LinQuest,Jul 2017  Present,6 mos
GPA 0,2016  2016,Web developer,,App Academy,Lab Technician,University of Rochester Medical Center,Aug 2011  Dec 2013,2 yrs 5 mos,Laboratory Technician,Regeneron Pharmaceuticals,Nov 2008  Aug 2014,5 yrs 10 mos,Software Engineer,Google,Sep 2016  Present,1 yr 4 mos
B.E (hons),2011  2015,Bachelors Degree,,Netaji Subhas Institute of Technology,Software Development Intern,Sumo Logic,Jun 2014  Jul 2014,2 mos,Software Engineer,Google,Sep 2015  Present,2 yrs 4 mos,Software Engineer,Google,May 2017  Present,8 mos
GPA 0,1998  2002,Masters,,Marist College,Level 3 Team Lead,IBM,Jan 2006  Jun 2014,8 yrs 6 mos,Advisory Software Engineer,IBM,Sep 2009  Dec 2014,5 yrs 4 mos,Senior Software Engineer,IBM,Dec 2014  Present,3 yrs 1 mo
GPA 0,2012  2016,,,City University of New York City College,Associate Software Engineer,AppNexus,Sep 2014  May 2016,1 yr 9 mos,Software Engineer,AppNexus,Sep 2016  Oct 2017,1 yr 2 mos,Senior Software Engineer,AppNexus,Oct 2017  Present,3 mos
GPA 0,2017  2019,Master of Science (MS),,Rutgers University,iLab Assistant,Rutgers University,May 2014  May 2017,3 yrs 1 mo,Associate Full-Stack Software Engineer,TelTech Systems,May 2016  Nov 2017,1 yr 7 mos,Software Development Engineer I,|Audible, Inc.|,Nov 2017  Present,2 mos
GPA 0,2007  2010,Master of Philosophy,,|Trinity College, Dublin|,Fellow,Fog Creek Software,Oct 2015  Dec 2015,3 mos,Software Engineer,BounceX,Nov 2015  Sep 2017,1 yr 11 mos,Software Engineer,Bonobos,Sep 2017  Present,4 mos
3.99/4.00,2013  2017,Bachelor of Science (BS),,University of Pennsylvania,CIS 121 Teaching Assistant,University of Pennsylvania,Jan 2015  Dec 2015,12 mos,Software Engineering Intern,NerdWallet,Jun 2016  Aug 2016,3 mos,Software Engineer,NerdWallet,Jul 2017  Present,6 mos
GPA 0,2013  2014,Master's Degree,,Carnegie Mellon University,Research Assistant,Laboratory for Laser Energetics,Apr 2012  Aug 2013,1 yr 5 mos,Software Engineer,|Toast, Inc.|,Feb 2014  Present,3 yrs 11 mos
GPA 0,2005  2007,M.S.,,Stony Brook University,Developer,|Kikin, Inc.|,Apr 2009  Dec 2011,2 yrs 9 mos,Senior Software Engineer,AppNexus,Jan 2012  Mar 2016,4 yrs 3 mos,Senior Software Engineer,Orchard Platform,Apr 2016  Present,1 yr 9 mos
GPA 0,2013  2017,Bachelor of Sciences (B.S.),,Boston College,|Undergraduate Teaching Assistant, Computer Science Department|,Boston College,Sep 2016  Dec 2016,4 mos,Unity 3d Developer,Joycestick,Jul 2016  Jun 2017,1 yr,Software Engineer,Blue Apron,Aug 2017  Present,5 mos
GPA 0,2012  2016,Bachelor's Degree,,University of Rochester,Software Engineer Intern,FactSet,May 2015  Aug 2015,4 mos,Webmaster,Precision Instrumentation Group,Nov 2013  Dec 2015,2 yrs 2 mos,Software Engineer,FactSet,Jul 2016  Present,1 yr 6 mos
GPA 0,2016,Passed Level I of the CFA Program,,CFA Institute,Investment Analyst Intern,TeliApp Corporation,Dec 2013  Jun 2014,7 mos,Data Analyst,CB Insights,Oct 2014  Nov 2015,1 yr 2 mos,Software Engineer,CB Insights,Dec 2015  Present,2 yrs 1 mo
GPA 0,2013  2015,Bachelor of Science (BS),,Columbia Engineering,Research Engineer,University of Houston,May 2014  Aug 2014,4 mos,Software Engineer,IBM,Jul 2015  Jul 2017,2 yrs 1 mo,Staff Software Engineer,IBM,Aug 2017  Present,5 mos
Freshman,2016  2020,Bachelors Degree,,Stevens Institute of Technology,Mobile Application Developer,Ridgewood High School,Sep 2015  Jun 2016,10 mos,Software Engineer Internship,Tipevo,May 2017  Present,8 mos
GPA 0,2013  2015,Master of Science (M.S.),,Carnegie Mellon University,Teaching Assistant in Cloud Computing,Carnegie Mellon University,May 2014  Dec 2014,8 mos,Software Engineer,Salesforce,Jan 2015  Feb 2016,1 yr 2 mos,Software Engineer,Google,Feb 2016  Present,1 yr 11 mos
GPA 0,2015  2018,Bachelor of Science (B.S.),,New York University,Software Engineer Intern,IBM,May 2017  Aug 2017,4 mos,Software Engineer,Combrr,Dec 2016  Present,1 yr 1 mo,Incoming Summer Analyst,Goldman Sachs,Oct 2017  Present,3 mos
GPA 0,2013  2017,Bachelor's Degree,,University of Rochester,Summer Research Position,|Department of Electrical and Computer Engineering, Drexel University|,Jun 2015  Aug 2015,3 mos,Summer Research Position,|Department of Electrical and Computer Engineering, Drexel University|,Jun 2016  Aug 2016,3 mos,Software Engineer,FactSet,Jul 2017  Present,6 mos
3.82,2014  2018,Bachelor of Science (B.S.),,Washington and Lee University,ITS Helpdesk Support,Washington and Lee University,Apr 2015  Present,2 yrs 9 mos,Culinary Intern,The Red Hen,Jan 2017  Present,1 yr,Incoming Software Application Engineer,Workday,Nov 2017  Present,2 mos
Senior,2012  2016,Bachelor of Science (B.S.),,University of Rochester,Teaching Assistant,University of Rochester,Aug 2013  May 2016,2 yrs 10 mos,Website Administrator,University of Rochester Information Technology,Aug 2013  May 2016,2 yrs 10 mos,Software Engineer,CompStak,Oct 2016  Present,1 yr 3 mos
GPA 0,2016  2017,,,Fullstack Academy of Code,Administrative Assistant / Data Entry,Probstein123,Apr 2014  Sep 2015,1 yr 6 mos,|Software Engineering Intern || Backend|,Space Jam Data,Jul 2017  Aug 2017,2 mos,Software Engineer,Blissfully,Aug 2017  Present,5 mos
GPA 0,2013  2017,Bachelor of Science (BS) - Engineering,,Washington University in St. Louis,Head of Tech and Webmaster/Lead Site Developer,ArchHacks,Jan 2016  Aug 2017,1 yr 8 mos,Head of Tech and Webmaster/Lead Site Developer Emeritus,ArchHacks,Aug 2017  Present,5 mos,Software Engineer,Lightmatter,Sep 2017  Present,4 mos
GPA 0,2009  2013,BA,,University of Pennsylvania,Reporter,TheStreet,Jan 2015  Apr 2016,1 yr 4 mos,Associate Software Engineer,BlueMetal Inc.,Sep 2016  Present,1 yr 4 mos,Software Engineer,Chegg Inc.,Oct 2017  Present,3 mos
GPA 0,2015  2017,Bachelors Degree,,Stony Brook University,Research Assistant,Orthopaedic Bioengineering Research Laboratory,Jun 2014  Mar 2015,10 mos,Front End Web Development Intern,Nyc Doitt,Jul 2016  Aug 2016,2 mos,Software Engineer,Tata Consultancy Services,Aug 2017  Present,5 mos
Senior,2013  2017,Bachelor of Science (BS),,|Rutgers, The State University of New Jersey-New Brunswick|,Software Developer Intern,iCIMS,Jun 2016  Aug 2016,3 mos,Web Developer,Center for Innovative Ventures of Emerging Technologies,Feb 2015  Mar 2017,2 yrs 2 mos,Associate Software Engineer,Capital One,Jul 2017  Present,6 mos
GPA 0,2011  2014,Bachelors Degree,,Florida International University,Web Application Developer,Kindwave,Aug 2014  2015,1 yr,Developer,Swyft Media,Sep 2015  Jul 2016,11 mos,Senior Software Engineer,Monotype,Jul 2016  Present,1 yr 6 mos
GPA 0,2012  2014,Master of Science (MS),,University of Rochester,Image Processing Intern,George Eastman House,Jan 2013  Jan 2014,1 yr 1 mo,Software Engineer,WeatherSphere,2014  2016,2 yrs,Software Engineer,Yahoo,2016  Present,1 yr
3.9 /4.0,2011  2014,Masters of Science,,Washington University in St. Louis,Master's Project in Parallel Real-Time Systems,Washington University in St. Louis,Aug 2013  Aug 2014,1 yr 1 mo,Software Engineering Intern,Exegy,May 2014  Aug 2014,4 mos,Software Engineer,FactSet,Sep 2014  Present,3 yrs 4 mos
GPA 0,2013  2015,,,Ithaca College,|Software Engineer, Product and Data Engineering|,PlaceIQ,May 2015  Jun 2016,1 yr 2 mos,|Software Engineer III, Data Ingestion and Analytics|,Jet.com,Jun 2016  Jan 2017,8 mos,|Senior Software Engineer, Data Group|,Jet.com,Jan 2017  Present,1 yr
GPA 0,2014  2018,Bachelor of Science (BS),,Carnegie Mellon University,Software Engineering Intern,Two Sigma Investments,May 2016  Aug 2016,4 mos,Data Governance Consultant,University of Pittsburgh Medical Center (UPMC),Nov 2015  Present,2 yrs 2 mos,Software Engineer Intern,Two Sigma,May 2017  Present,8 mos
GPA 0,2013  2017,Bachelor's Degree,,Binghamton University,Freelance Software QA Tester,Applause,May 2011  May 2017,6 yrs 1 mo,Webmaster,|Department of Computer Science, Binghamton University|,Jan 2014  May 2017,3 yrs 5 mos,Software Engineer,Goldman Sachs,Jul 2017  Present,6 mos
3.76,2011  2011,Master's degree,,Stevens Institute of Technology,Ruby on Rails Developer,PINCHme,Mar 2014  Jun 2015,1 yr 4 mos,Full Stack Developer,CB Insights,Jun 2015  Dec 2016,1 yr 7 mos,Lead Software Engineer,CB Insights,Jan 2017  Present,1 yr
GPA 0,2011  2015,Doctor of Philosophy (PhD),,University of Rochester,Software Engineering Intern,Google,May 2014  Aug 2014,4 mos,PhD Student,University of Rochester,Sep 2011  Nov 2015,4 yrs 3 mos,Software Engineer,Google,Dec 2015  Present,2 yrs 1 mo
GPA 0,2014  2015,Master of Science (MS),,Worcester Polytechnic Institute,Graduate Assistant,Worcester Polytechnic Institute,Jan 2014  Dec 2015,2 yrs,Software Engineer,Google,Jun 2016  Present,1 yr 7 mos
3.56 Cumulative GPA,2013  2017,Bachelor's degree,,The College of New Jersey,Group Leader,Oasis Summer Day Camp,Jun 2014  Aug 2015,1 yr 3 mos,Information Technology Intern,Verizon Data Services,Jun 2016  Aug 2016,3 mos,Software Engineer Associate,Lockheed Martin,Oct 2017  Present,3 mos
GPA 0,2014  2014,,,The Flatiron School,Product Management Intern,BuzzFeed,Jun 2013  Aug 2013,3 mos,Associate Software Engineer,BuzzFeed,Sep 2014  Present,3 yrs 4 mos,Software Engineer,BuzzFeed,Feb 2016  Present,1 yr 11 mos
3.6,2012  2017,Dual-Degree Bachelor of Science,,New York University,Hacker,Hackathons,Nov 2015  Present,2 yrs 2 mos,Java Programmer,Memorial Sloan Kettering Cancer Center,Dec 2014  Present,3 yrs 1 mo,Software Developerment Engineer,Amazon Robotics,May 2017  Present,8 mos
Graduated,2013  2017,Bachelors Degree,,University of Rochester,Office Assistant III,University of Rochester,Sep 2014  May 2017,2 yrs 9 mos,Intern,Yodle,Jun 2017  Aug 2017,3 mos,Software Engineer,Web.com,Aug 2017  Present,5 mos
GPA 0,1985  1988,|MSCS, MSEE|,,University of Massachusetts at Lowell,Software Engineer,Jeppesen Inc,Sep 2004  Present,13 yrs 4 mos
3.79,2005  2012,M.S. and Ph.D.,,University of Florida,Research Assistant,|University of Florida -- ACIS Lab, ECE Dept.|,Jul 2010  Aug 2012,2 yrs 2 mos,Software Developer,1010data,Nov 2012  Jan 2017,4 yrs 3 mos,Senior Software Data Engineer,1010data,Feb 2017  Present,11 mos
GPA 0,2000  2004,BS,,Rensselaer Polytechnic Institute Class of 2004,Software Developer,Xerox Litigation Services,Jul 2004  Dec 2014,10 yrs 6 mos,Senior Full Stack Engineer,|Greenhouse Software, Inc.|,Jan 2015  Dec 2015,12 mos,|Senior Software Engineer, Infrastructure|,Greenhouse Software,Dec 2015  Present,2 yrs 1 mo
GPA 0,2016  2016,,,Dev Bootcamp New York,Tech Lead,BRQ,Nov 2011  Jan 2016,4 yrs 3 mos,Independent Contractor,Def Method,Apr 2017  Present,9 mos,Software Engineer,Def Method,Nov 2017  Present,2 mos
GPA 0,2010  2014,,,Tulane,Intern,Konrad Group,Jun 2013  Sep 2013,4 mos,Student,App Academy,Nov 2014  Aug 2015,10 mos,Software Engineer,|View The Space, Inc.|,Sep 2015  Present,2 yrs 4 mos
GPA 0,2013  2014,Master's Degree,,University of Rochester,IT Consultant,University of Rochester,Sep 2009  May 2014,4 yrs 9 mos,Electrical Engineer II,Harris RF Communications,Jun 2014  Feb 2017,2 yrs 9 mos,Sr FPGA Software Engineer,MKS Instruments,Feb 2017  Present,11 mos
GPA 3.1,2013  2017,Bachelors Degree,,University of Rochester,Software Inteern,LSA Autonomy,Jan 2017  Jan 2017,1 mo,Web App Design Intern,ConnectPrep,Jan 2016  Jun 2017,1 yr 6 mos,Software Engineer,LSA Autonomy,Jun 2017  Present,7 mos
GPA 0,2008  2012,Bachelor of Science,,Drexel University,Apprentice,R/GA,Jun 2017  Aug 2017,3 mos,Web Developer,Freelance,Dec 2016  Sep 2017,10 mos,Software Engineer,Ad Hoc LLC,Oct 2017  Present,3 mos
4.0/4.0,2014  2015,Master's Degree,,Yale University,R&D Intern,|Baidu, Inc.|,Aug 2013  Jan 2014,6 mos,Software Engineer,Facebook,Jul 2015  Feb 2017,1 yr 8 mos,Software Engineer,Instagram,Mar 2017  Present,10 mos
3.93 / 4.0,2015  2016,Master's degree,,Stevens Institute of Technology,Lead Software Engineer & Database Administrator & Assistant General Manager,|Zhejiang Fuyang Rural Commercial Bank Co.,Ltd.|,Sep 2009  Apr 2015,5 yrs 8 mos,Software Engineer Intern,Syncsort,May 2016  Dec 2016,8 mos,Software Engineer,Vela Trading Technologies,Apr 2017  Present,9 mos
3.95/4.0,2014  2015,Master Student,,Columbia University - Fu Foundation School of Engineering and Applied Science,Software Engineer Intern,Google,Jun 2015  Aug 2015,3 mos,Software Engineer,Google,Jan 2016  Present,2 yrs
GPA 0,2008  2012,Bachelor of Technology (B.Tech.),,IIIT Hyderabad,Engineer,Qualcomm,Jun 2012  Jun 2014,2 yrs 1 mo,Software Development Engineer,Microsoft,Jun 2014  Jun 2015,1 yr 1 mo,Software Engineer,Google,Feb 2016  Present,1 yr 11 mos
GPA 0,2011  2015,Bachelor of Engineering (BEng),,Netaji Subhas Institute of Technology,Intern,HackerRank (formerly interviewstreet),Jun 2014  Jul 2014,2 mos,Software Engineer,Google,Sep 2015  Mar 2017,1 yr 7 mos,Software Engineer,Google,Apr 2017  Present,9 mos
GPA 0,2002  2006,B.S.,,Rochester Institute of Technology,Senior Software Engineer,DigitalOcean,Apr 2016  Sep 2017,1 yr 6 mos,Manager of K'reema,YellowBaby Music,Jan 2015  Present,3 yrs,Senior Software Engineer,|Harry's, Inc.|,Aug 2017  Present,5 mos
GPA 0,2013  2018,Bachelors Degree,,Stevens Institute of Technology,Icap software development intern,ICAP,May 2016  Dec 2016,8 mos,Software Developer,EBS BrokerTec,Jan 2017  Jun 2017,6 mos,Software Engineer,CressCap Investment Research,May 2017  Present,8 mos
GPA 0,2013  2017,Bachelor of Science (B.S.),,University of Rochester,Python Software Engineering Intern,Pixability,May 2015  Apr 2016,1 yr,Software Engineering Intern,edX,May 2016  Aug 2016,4 mos,Software Engineer,Quip,Jul 2017  Present,6 mos
GPA 0,2012  2016,Bachelors Degree,,University of Rochester,Software Developer,ConnectAgric,Jan 2015  Apr 2016,1 yr 4 mos,Web Software Engineer,University of Rochester,Aug 2012  May 2016,3 yrs 10 mos,Software Engineer,|Datto, Inc.|,2016  Present,1 yr
GPA 0,2009  2012,Bachelor's degree,,Jawaharlal Nehru Technological University,IT Recruiter,Transnational Software Services Inc,Jan 2013  Jan 2014,1 yr 1 mo,Associate Software Engineer,Accenture,Jan 2014  Present,4 yrs
GPA 0,2015  2019,Bachelor of Science in Engineering (B.S.E),,Duke University,Research Intern,Memorial Sloan Kettering Cancer Center,Jun 2013  Aug 2013,3 mos,Software Engineer Intern,Salesforce,May 2017  Aug 2017,4 mos
GPA 0,2012  2016,Bachelors of Science degree expected in May 2016,,University of Rochester,Software Engineer Intern,Fidelity Investments,Jun 2015  Aug 2015,3 mos,Teaching Assistant - Workshop Leader,University of Rochester,Aug 2015  Dec 2015,5 mos,Software Engineer,|Okta, Inc.|,Jul 2016  Present,1 yr 6 mos
Java Software Developer,Infinity Insurance,May 2015  May 2016,1 yr 1 mo,Software Engineer,SAIC / USPTO,Jun 2016  Feb 2017,9 mos,Software Engineer,Optum (formerly Alere Wellbeing),Mar 2017  Present,10 mos
GPA 0,2013  2014,PhD student,,|University of California, Los Angeles|,Research Assistant,UCLA,Sep 2013  Mar 2015,1 yr 7 mos,Teaching Assistant,UCLA,Oct 2014  Mar 2015,6 mos,Software Engineer,Google,Apr 2015  Present,2 yrs 9 mos
Junior,2013  2017,Bachelor of Science (B.S.),,Vanderbilt University,Software Developer Intern,BNY Mellon,May 2015  Aug 2015,4 mos,Software Engineer Intern,Facebook,May 2016  Aug 2016,4 mos,Software Engineer,Facebook,Aug 2017  Present,5 mos
GPA 0,1997  2004,M.S.,,Polytechnic University,Senior Embedded Software Engineer,Ludl Electronic Products,2004  2011,7 yrs,Senior Software Engineer,Optimum Semiconductor Technologies Inc.,Jan 2012  Jun 2015,3 yrs 6 mos,Senior Software Engineer,Curtis Instruments,Jun 2015  Present,2 yrs 7 mos
4.05,2014  2015,Master of Computational Data Science,,Carnegie Mellon University,Teaching Assistant,Carnegie Mellon University,Jan 2015  Dec 2015,12 mos,Software Engineer,LinkedIn,Feb 2016  Jul 2017,1 yr 6 mos,Senior Software Engineer,LinkedIn,Aug 2017  Present,5 mos
|Cumulative GPA: 3.83, Major GPA: 3.95|,2013  2017,Bachelor of Science (B.S.),,Lehigh University,Teaching Assistant,Lehigh University,Aug 2016  May 2017,10 mos,Computer Science Peer Tutor,Lehigh University,Feb 2017  May 2017,4 mos,Software Engineer,Boeing,Sep 2017  Present,4 mos
GPA 0,2013  2017,Bachelor of Science (B.S.),,Yale University,CS50 Teaching Fellow,Yale University Careers,Apr 2015  Dec 2016,1 yr 9 mos,Co-Founder and Chief Technology Officer,Up For,Dec 2016  Sep 2017,10 mos,Software Engineer,Facebook,Sep 2017  Present,4 mos
|3.60 / 4.33, 3.79 / 4.33 (Tech course related grade)|,2015  2016,Master of Information Management Systems,,Carnegie Mellon University,Software Engineer Intern,EY,Aug 2013  Oct 2013,3 mos,Software Developer,Build In Motion,Jun 2016  Aug 2016,3 mos,Software Engineer,Amazon,Apr 2017  Present,9 mos
3.8,2014  2016,Bachelor of Science (B.S.),,Indiana University of Pennsylvania,Student Developer,IUP Software Development Center,Jan 2016  May 2016,5 mos,Software Engineering Co-Op,IBM,May 2016  Dec 2016,8 mos,Software Engineer,IBM,Jan 2017  Present,1 yr
GPA 0,2014  2016,Master of Science,,NYU Tandon School of Engineering,Java Developer,Tech Mahindra,Oct 2013  Jul 2014,10 mos,Data Analyst Intern,Three Bridges Capital,Mar 2017  Apr 2017,2 mos,Software Development Engineer,Florida Blue,Apr 2017  Present,9 mos
3.96/4.00,2013  2014,Master's Degree,,University of Southern California,Product Manager Assistant,Ericsson,Sep 2011  Jan 2012,5 mos,SDE Intern,Amazon,May 2014  Aug 2014,4 mos,Software Engineer,Facebook,Feb 2015  Present,2 yrs 11 mos
GPA 0,2012  2016,Bachelor of Science (B.S.),,Skidmore College,Intern Software Developer,Odd Networks,Jan 2016  May 2016,5 mos,Information Technology Residency Program,Google,Jul 2016  Present,1 yr 6 mos,Software Engineer,Google,Oct 2017  Present,3 mos
GPA 0,2010  2014,Bachelor of Science (BS),,Westfield State University,Junior Software Engineer,Luvo,Jun 2015  Feb 2016,9 mos,Full Stack Engineer,KEW Inc.,Mar 2016  Jan 2017,11 mos,Software Engineer,Cognius,Mar 2017  Present,10 mos
Graduated Magna Cum Laude with a 3.93 GPA.,2009  2013,Bachelor of Science (B.S.),,University of Rochester,Software Development Intern,The MathWorks,May 2012  Aug 2012,4 mos,Computer Science Teaching Assistant,University of Rochester,Sep 2012  Dec 2012,4 mos,Software Engineer,The MathWorks,May 2013  Present,4 yrs 8 mos
GPA 0,2011  2015,Bachelor of Science (B.S.),,Rochester Institute of Technology,Software Engineering Intern,S&P Capital IQ,Jun 2014  Aug 2014,3 mos,Software Engineer,S&P Global Market Intelligence,Jun 2015  Oct 2016,1 yr 5 mos,Software Engineer,ESPN,Nov 2016  Present,1 yr 2 mos
GPA 0,2013  2018,Bachelor of Arts (B.A.),,,Intern,theFirehoseProject,Dec 2015  Feb 2016,3 mos,Co-Founder,TECHRISE,Aug 2016  Apr 2017,9 mos,Software Engineer,|Mercari, Inc. ()|,May 2017  Present,8 mos
3.1,2013  2017,Bachelor of Arts (B.A.),,University of Rochester,Sales Associate,Santouka Ramen,Jun 2016  Aug 2016,3 mos,Software Test Engineer,Quanergy,2017  Present,less than a year
